LATITUDE,LONGITUDE,Cluster_Std,Cluster_OA,Cause,Specific_Cause,Fire_Size_Acres,Fire_Year
36.41833333,-114.72666667,2,2,Human-Caused,Debris and open burning,0.1,1994
35.9667,-114.5341,4,4,Human-Caused,Debris and open burning,1.0,1996
35.9667,-114.5841,4,4,Human-Caused,Debris and open burning,0.2,1996
35.9,-113.8758,1,1,Natural,Lightning,0.1,1992
35.96,-113.8641,1,1,Natural,Lightning,600.0,1993
35.84,-113.8575,1,1,Natural,Lightning,0.1,1993
35.9869,-113.8727,1,1,Natural,Lightning,10250.0,1994
35.9039,-113.7547,1,1,Natural,Lightning,0.7,1994
35.96,-113.7941,1,1,Natural,Lightning,600.0,1995
35.975,-113.9008,1,1,Natural,Lightning,953.0,1995
35.8583,-113.9008,1,1,Natural,Lightning,2.0,1995
35.9353,-113.87,1,1,Natural,Lightning,4.0,1995
35.968,-113.853,1,1,Natural,Lightning,15.0,1995
35.9189,-113.853,1,1,Natural,Lightning,0.3,1996
35.8025,-113.8855,1,1,Natural,Lightning,0.3,1996
35.8186,-113.8519,1,1,Natural,Lightning,0.3,1996
35.9353,-113.87,1,1,Natural,Lightning,15.0,1996
35.835,-113.8519,1,1,Natural,Lightning,0.1,1996
35.8,-113.818,1,1,Natural,Lightning,1.0,1996
36.0169,-113.8194,1,1,Natural,Lightning,0.1,1996
35.9842,-113.8194,1,1,Natural,Lightning,0.1,1996
35.8514,-113.853,1,1,Natural,Lightning,0.1,1996
35.835,-113.8855,1,1,Natural,Lightning,0.1,1996
35.8678,-113.853,1,1,Natural,Lightning,1.0,1996
35.8283,-113.8575,1,1,Natural,Lightning,0.3,1997
35.8267,-113.8058,1,1,Natural,Lightning,0.3,1999
36.45,-113.8175,3,3,Natural,Lightning,0.1,1992
36.5666,-113.8508,3,3,Natural,Lightning,0.1,1992
36.4333,-113.8841,3,3,Natural,Lightning,0.1,1992
36.5,-113.8675,3,3,Natural,Lightning,4.0,1992
36.5666,-113.7341,3,3,Natural,Lightning,0.1,1992
36.55,-113.7341,3,3,Natural,Lightning,0.1,1992
36.5833,-114.0341,3,3,Natural,Lightning,0.1,1992
36.5333,-113.8341,3,3,Natural,Lightning,12.7,1992
36.1667,-113.7841,1,1,Natural,Lightning,0.2,1992
36.5166,-113.7508,3,3,Natural,Lightning,0.1,1992
36.6,-113.7341,3,3,Natural,Lightning,0.1,1992
36.5666,-113.8341,3,3,Natural,Lightning,0.1,1992
36.5333,-113.9008,3,3,Natural,Lightning,0.1,1992
36.4666,-113.8341,3,3,Natural,Lightning,0.1,1992
36.4333,-113.9675,3,3,Natural,Lightning,0.1,1992
36.4,-113.8675,3,3,Natural,Lightning,0.1,1992
36.3333,-113.8508,3,3,Natural,Lightning,0.1,1992
36.4166,-113.8341,3,3,Natural,Lightning,0.3,1992
36.6,-114.0008,3,3,Natural,Lightning,0.1,1992
36.5166,-113.9508,3,3,Natural,Lightning,7406.6,1993
36.4333,-113.8508,3,3,Natural,Lightning,729.0,1993
36.5166,-113.8175,3,3,Natural,Lightning,10.0,1993
36.55,-113.8008,3,3,Natural,Lightning,1125.0,1993
36.45,-113.8341,3,3,Natural,Lightning,0.1,1993
36.45,-113.8508,3,3,Natural,Lightning,0.1,1993
36.4333,-113.8341,3,3,Natural,Lightning,0.1,1993
36.4333,-113.9008,3,3,Natural,Lightning,0.1,1993
36.4,-113.8841,3,3,Natural,Lightning,0.1,1993
36.4833,-113.8841,3,3,Natural,Lightning,0.1,1993
36.4666,-113.8841,3,3,Natural,Lightning,0.1,1993
36.4666,-113.8841,3,3,Natural,Lightning,0.1,1993
36.4666,-113.8841,3,3,Natural,Lightning,0.1,1993
36.4666,-113.8841,3,3,Natural,Lightning,0.1,1993
36.4666,-113.8841,3,3,Natural,Lightning,0.1,1993
36.4666,-113.8841,3,3,Natural,Lightning,0.1,1993
36.4666,-113.8841,3,3,Natural,Lightning,0.1,1993
36.4666,-113.8841,3,3,Natural,Lightning,0.1,1993
36.4666,-113.8841,3,3,Natural,Lightning,0.1,1993
36.4666,-113.8841,3,3,Natural,Lightning,0.1,1993
36.4666,-113.8841,3,3,Natural,Lightning,0.1,1993
36.2,-113.8508,3,3,Natural,Lightning,12.0,1993
36.2333,-113.7674,3,3,Natural,Lightning,61.7,1993
36.5333,-113.9675,3,3,Natural,Lightning,2152.5,1993
36.4666,-113.9175,3,3,Natural,Lightning,8.8,1993
36.6,-113.8508,3,3,Natural,Lightning,13.2,1993
36.5,-113.8508,3,3,Natural,Lightning,0.1,1994
36.4833,-113.9008,3,3,Natural,Lightning,0.1,1994
36.5833,-113.7175,3,3,Natural,Lightning,0.1,1994
36.175,-113.7077,1,1,Natural,Lightning,0.1,1994
36.55,-113.9341,3,3,Natural,Lightning,1183.0,1994
36.3,-113.9675,3,3,Human-Caused,Other causes,3.0,1994
36.4,-113.7675,3,3,Natural,Lightning,0.1,1994
36.4166,-113.7841,3,3,Natural,Lightning,1.5,1994
36.5666,-113.8008,3,3,Natural,Lightning,225.1,1994
36.5666,-113.8008,3,3,Natural,Lightning,0.1,1994
36.4833,-113.7841,3,3,Natural,Lightning,397.2,1994
36.4833,-113.9008,3,3,Natural,Lightning,155.0,1994
36.5833,-113.8008,3,3,Natural,Lightning,3759.0,1995
36.5166,-113.7008,3,3,Natural,Lightning,70.0,1995
36.4333,-114.0008,3,3,Natural,Lightning,0.1,1995
36.55,-114.0175,3,3,Natural,Lightning,0.1,1995
36.55,-114.0175,3,3,Natural,Lightning,0.1,1995
36.5166,-113.9841,3,3,Natural,Lightning,0.1,1995
36.5166,-114.0008,3,3,Natural,Lightning,0.1,1995
36.5333,-114.0008,3,3,Natural,Lightning,0.1,1995
36.5666,-114.0008,3,3,Natural,Lightning,0.1,1995
36.5666,-114.0175,3,3,Natural,Lightning,0.1,1995
36.2,-113.8508,3,3,Natural,Lightning,5034.0,1995
36.4833,-113.8508,3,3,Natural,Lightning,20.0,1995
36.5166,-113.7675,3,3,Natural,Lightning,5.0,1995
36.4666,-113.8508,3,3,Natural,Lightning,0.1,1995
36.3333,-113.7341,3,3,Natural,Lightning,190.0,1995
36.25,-113.7341,3,3,Natural,Lightning,2872.0,1995
36.5,-113.9008,3,3,Natural,Lightning,453.0,1995
36.4666,-113.8675,3,3,Natural,Lightning,0.1,1995
36.4166,-113.7841,3,3,Natural,Lightning,0.1,1995
36.4333,-113.7841,3,3,Natural,Lightning,0.1,1995
36.4666,-113.7675,3,3,Natural,Lightning,0.1,1995
36.4,-113.8508,3,3,Natural,Lightning,2461.0,1995
36.55,-113.7841,3,3,Natural,Lightning,0.1,1995
36.4333,-113.8841,3,3,Natural,Lightning,0.1,1995
36.5833,-113.7841,3,3,Natural,Lightning,0.1,1995
36.5333,-113.7675,3,3,Natural,Lightning,0.1,1995
36.45,-113.8008,3,3,Natural,Lightning,151.0,1995
36.5833,-113.9008,3,3,Natural,Lightning,8682.0,1995
36.5333,-113.7508,3,3,Natural,Lightning,0.1,1995
36.6,-113.9841,3,3,Natural,Lightning,666.0,1995
36.5333,-113.8508,3,3,Natural,Lightning,50.0,1995
36.4833,-113.9841,3,3,Natural,Lightning,0.1,1995
36.4833,-113.9841,3,3,Natural,Lightning,0.1,1995
36.55,-113.9008,3,3,Natural,Lightning,220.0,1995
36.3833,-113.8341,3,3,Natural,Lightning,758.0,1995
36.55,-113.9341,3,3,Natural,Lightning,3.0,1996
36.3833,-113.8341,3,3,Natural,Lightning,6.0,1996
36.5833,-113.8675,3,3,Natural,Lightning,3.0,1996
36.3,-113.8008,3,3,Natural,Lightning,45.5,1996
36.3833,-113.8508,3,3,Natural,Lightning,50.3,1996
36.4,-113.8508,3,3,Natural,Lightning,28.0,1996
36.4,-113.7508,3,3,Natural,Lightning,34.1,1996
36.5666,-114.0341,3,3,Natural,Lightning,0.1,1996
36.55,-113.7675,3,3,Natural,Lightning,30.0,1996
36.3833,-113.8341,3,3,Natural,Lightning,0.1,1996
36.2667,-113.7008,3,3,Natural,Lightning,0.1,1996
36.6,-113.7841,3,3,Natural,Lightning,0.1,1996
36.5833,-113.7508,3,3,Natural,Lightning,20.0,1996
36.35,-113.7008,3,3,Natural,Lightning,0.1,1996
36.1283,-113.7227,1,1,Natural,Lightning,0.5,1997
36.3483,-113.7563,3,3,Natural,Lightning,39.0,1997
36.4419,-113.7525,3,3,Natural,Lightning,0.2,1997
36.47,-113.7608,3,3,Natural,Lightning,402.0,1997
36.5986,-113.7088,3,3,Natural,Lightning,8.0,1997
36.5933,-113.7525,3,3,Natural,Lightning,0.1,1998
36.4083,-113.7375,3,3,Natural,Lightning,11.5,1998
36.4916,-113.7808,3,3,Natural,Lightning,1.0,1998
36.5783,-113.7525,3,3,Natural,Lightning,15.0,1998
36.5928,-113.7352,3,3,Natural,Lightning,16816.0,1999
36.535,-113.9608,3,3,Natural,Lightning,0.1,1999
36.46,-113.7597,3,3,Natural,Lightning,0.5,1999
36.36,-113.8358,3,3,Natural,Lightning,3.0,1999
36.3233,-113.8141,3,3,Natural,Lightning,16.5,1999
36.3716,-113.7625,3,3,Natural,Lightning,0.1,1999
36.4183,-113.7808,3,3,Natural,Lightning,5.0,1999
36.3194,-113.7563,3,3,Natural,Lightning,0.1,1999
35.8167,-114.5675,4,4,Human-Caused,Smoking,0.1,1992
35.9167,-114.0841,1,1,Natural,Lightning,15.0,1994
35.8333,-114.3175,1,1,Natural,Lightning,5.0,1995
36.0167,-113.9841,1,1,Natural,Lightning,6445.0,1995
35.8,-114.3175,1,1,Natural,Lightning,3800.0,1995
35.8833,-114.2175,1,1,Natural,Lightning,500.0,1995
35.9167,-114.0508,1,1,Natural,Lightning,0.5,1995
36.0,-113.9675,1,1,Natural,Lightning,1400.0,1995
35.8667,-114.0008,1,1,Natural,Lightning,7.0,1995
35.8833,-113.9675,1,1,Natural,Lightning,300.0,1995
35.8333,-114.1175,1,1,Natural,Lightning,0.1,1996
35.9,-114.0841,1,1,Natural,Lightning,0.1,1996
35.95,-113.9341,1,1,Natural,Lightning,120.0,1996
36.1166,-114.8508,4,4,Human-Caused,Arson/incendiarism,0.1,1992
36.4833,-114.8008,2,2,Human-Caused,Smoking,0.5,1992
36.4,-114.8842,2,2,Human-Caused,Smoking,0.1,1992
35.8333,-114.8341,4,4,Human-Caused,Debris and open burning,0.1,1993
36.3333,-114.0675,3,3,Natural,Lightning,10.0,1993
36.5666,-114.9508,2,2,Natural,Lightning,5.0,1993
36.55,-114.9508,2,2,Natural,Lightning,0.5,1993
36.4333,-114.8342,2,2,Human-Caused,Smoking,0.3,1993
36.4833,-114.8008,2,2,Human-Caused,Fireworks,1.5,1993
36.0166,-114.9175,4,4,Human-Caused,Fireworks,15.0,1993
36.0166,-114.9175,4,4,Human-Caused,Fireworks,10.0,1993
36.2,-114.9842,4,4,Human-Caused,Fireworks,1.5,1993
36.2,-114.9342,4,4,Human-Caused,Debris and open burning,0.1,1993
36.2666,-114.3508,2,3,Natural,Lightning,125.0,1993
36.6,-114.9342,2,2,Natural,Lightning,50.0,1993
36.3833,-114.2341,3,3,Natural,Lightning,250.0,1993
36.2,-114.9342,4,4,Human-Caused,Equipment and vehicle use,0.1,1993
36.4333,-114.8508,2,2,Human-Caused,Railroad operations and maintenance,0.1,1994
36.45,-114.9675,2,2,Natural,Lightning,0.1,1994
36.6,-114.1008,3,3,Human-Caused,Equipment and vehicle use,0.1,1994
36.4833,-114.8008,2,2,Human-Caused,Debris and open burning,0.1,1994
36.4333,-114.6008,2,2,Human-Caused,Fireworks,249.0,1994
36.2167,-114.2175,3,3,Natural,Lightning,2070.0,1994
36.2167,-114.2175,3,3,Natural,Lightning,5700.0,1994
36.2167,-114.1841,3,3,Natural,Lightning,5.0,1994
36.5666,-114.0675,3,3,Natural,Lightning,3.0,1994
36.45,-114.6342,2,2,Natural,Lightning,30.0,1994
36.2166,-114.9508,4,4,Human-Caused,Debris and open burning,0.1,1995
36.1,-114.9842,4,4,Human-Caused,Recreation and ceremony,0.1,1995
36.0,-114.9175,4,4,Human-Caused,Recreation and ceremony,0.1,1995
36.25,-114.1508,3,3,Natural,Lightning,234.0,1995
36.55,-114.1508,3,3,Natural,Lightning,15.0,1995
36.35,-114.8508,2,2,Natural,Lightning,1020.0,1995
36.2166,-114.9842,4,4,Human-Caused,Arson/incendiarism,0.5,1995
36.3833,-114.2175,3,3,Natural,Lightning,3.0,1995
36.2166,-114.9008,4,4,Human-Caused,Misuse of fire by a minor,0.1,1996
36.1,-114.9675,4,4,Human-Caused,Debris and open burning,0.2,1996
36.2333,-114.2175,3,3,Natural,Lightning,350.0,1996
36.55,-114.1175,3,3,Natural,Lightning,300.0,1996
36.2833,-114.9342,2,2,Natural,Lightning,0.1,1996
36.4,-114.6008,2,2,Human-Caused,Fireworks,0.2,1996
36.3105,-114.9658,2,2,Human-Caused,Equipment and vehicle use,0.1,1997
36.3111,-114.9658,2,2,Human-Caused,Debris and open burning,0.1,1997
36.3361,-114.9575,2,2,Human-Caused,Debris and open burning,0.1,1997
36.5283,-114.1391,3,3,Human-Caused,Recreation and ceremony,0.1,1998
36.5866,-114.4658,2,2,Human-Caused,Fireworks,0.1,1998
36.475,-114.8811,2,2,Human-Caused,Arson/incendiarism,0.1,1999
36.3327,-114.9458,2,2,Human-Caused,Debris and open burning,0.1,1999
36.5361,-114.4625,2,2,Human-Caused,Debris and open burning,0.1,1999
36.1811,-114.9117,4,4,Human-Caused,Recreation and ceremony,0.1,1999
36.2117,-114.1836,3,3,Natural,Lightning,0.1,1999
36.13153,-113.86666,1,1,Natural,Lightning,98.0,1995
36.11485,-113.86667,1,1,Natural,Lightning,193.0,1995
36.01461,-113.96088,1,1,Natural,Lightning,574.0,1995
36.10527,-114.84964,4,4,Human-Caused,Equipment and vehicle use,0.1,1992
35.85276,-114.59108,4,4,Human-Caused,Equipment and vehicle use,0.1,1992
35.89026,-114.59803,4,4,Human-Caused,Equipment and vehicle use,0.1,1992
36.05007,-114.80113,4,4,Natural,Lightning,0.1,1992
36.01609,-114.78693,4,4,Human-Caused,Debris and open burning,0.1,1992
36.03289,-114.79616,4,4,Human-Caused,Debris and open burning,0.1,1992
36.14165,-114.68692,4,4,Human-Caused,Other causes,0.1,1992
36.03833,-114.80354,4,4,Natural,Lightning,0.1,1992
36.14998,-114.75082,4,4,Human-Caused,Arson/incendiarism,0.5,1992
36.02498,-114.78693,4,4,Human-Caused,Equipment and vehicle use,0.1,1992
35.987,-114.0562,1,1,Natural,Lightning,0.1,1992
36.44714,-114.37858,2,2,Human-Caused,Recreation and ceremony,0.2,1992
36.24998,-114.00079,3,3,Human-Caused,Debris and open burning,1.0,1992
35.85277,-114.62303,4,4,Human-Caused,Power generation/transmission/distribution,0.1,1992
36.05832,-114.05912,1,1,Human-Caused,Debris and open burning,10.0,1992
36.12034,-114.76347,4,4,Human-Caused,Recreation and ceremony,0.2,1993
36.09998,-114.88416,4,4,Human-Caused,Smoking,0.3,1993
36.21106,-114.67755,4,2,Natural,Lightning,260.0,1993
36.16665,-114.01746,1,1,Human-Caused,Fireworks,25.0,1993
36.05009,-114.80127,4,4,Human-Caused,Fireworks,0.4,1993
36.05005,-114.80106,4,4,Human-Caused,Fireworks,0.4,1993
36.03147,-114.71547,4,4,Human-Caused,Misuse of fire by a minor,8.2,1993
36.24998,-113.95079,3,3,Human-Caused,Debris and open burning,0.5,1993
35.97974,-114.81551,4,4,Human-Caused,Equipment and vehicle use,0.2,1993
36.39025,-114.43581,2,2,Human-Caused,Smoking,0.7,1993
36.1809,-114.7272,4,4,Human-Caused,Misuse of fire by a minor,5.1,1993
36.18332,-113.91745,1,1,Natural,Lightning,40.0,1993
36.48331,-114.35081,2,2,Human-Caused,Debris and open burning,0.2,1993
36.45793,-114.43577,2,2,Human-Caused,Fireworks,0.1,1993
36.01665,-114.80081,4,4,Human-Caused,Equipment and vehicle use,0.1,1994
36.15602,-114.10451,1,1,Human-Caused,Fireworks,5.0,1994
36.46649,-114.38493,2,2,Human-Caused,Recreation and ceremony,0.5,1994
36.09998,-114.86749,4,4,Human-Caused,Equipment and vehicle use,0.1,1994
36.19998,-114.68415,4,4,Natural,Lightning,0.2,1994
36.10095,-114.34269,4,4,Human-Caused,Misuse of fire by a minor,1.0,1994
36.03405,-114.28798,1,1,Natural,Lightning,0.1,1994
36.1134,-114.64701,4,4,Natural,Lightning,0.2,1994
36.02093,-114.74692,4,4,Natural,Lightning,0.2,1994
36.04999,-114.56748,4,4,Natural,Lightning,550.0,1994
35.99998,-114.78415,4,4,Human-Caused,Smoking,0.1,1994
36.30991,-114.43974,2,2,Human-Caused,Misuse of fire by a minor,0.1,1994
36.30677,-114.43205,2,2,Human-Caused,Debris and open burning,0.4,1995
36.38328,-114.45232,2,2,Human-Caused,Recreation and ceremony,0.8,1995
36.05008,-114.82182,4,4,Human-Caused,Equipment and vehicle use,0.1,1995
36.19998,-114.06746,1,3,Human-Caused,Recreation and ceremony,0.1,1995
36.28188,-114.47031,2,2,Natural,Lightning,0.1,1995
36.00451,-114.29494,1,1,Natural,Lightning,0.1,1995
36.06468,-114.71461,4,4,Human-Caused,Recreation and ceremony,0.1,1995
36.49755,-114.41416,2,2,Human-Caused,Recreation and ceremony,0.3,1995
36.28484,-114.01198,3,3,Human-Caused,Arson/incendiarism,1.5,1995
36.33278,-114.44256,2,2,Human-Caused,Recreation and ceremony,0.2,1995
36.13758,-114.73251,4,4,Human-Caused,Debris and open burning,0.5,1995
36.11189,-114.39264,4,4,Human-Caused,Misuse of fire by a minor,0.1,1995
36.0221,-114.28674,1,1,Human-Caused,Misuse of fire by a minor,0.1,1995
36.28315,-113.98827,3,3,Human-Caused,Recreation and ceremony,0.1,1995
35.89165,-114.61748,4,4,Human-Caused,Equipment and vehicle use,0.1,1995
36.16668,-114.57162,4,4,Human-Caused,Equipment and vehicle use,0.1,1996
36.38331,-114.43415,2,2,Human-Caused,Fireworks,0.1,1996
36.01109,-114.78415,4,4,Human-Caused,Equipment and vehicle use,0.1,1996
36.01787,-114.73698,4,4,Human-Caused,Arson/incendiarism,0.1,1996
36.03331,-114.80082,4,4,Human-Caused,Other causes,0.1,1996
36.24999,-114.01746,3,3,Human-Caused,Arson/incendiarism,0.1,1996
36.51751,-114.425,2,2,Human-Caused,Recreation and ceremony,0.1,1996
36.25288,-114.182,3,3,Natural,Lightning,245.0,1996
35.86743,-114.61251,4,4,Natural,Lightning,2.0,1996
36.48023,-114.41154,2,2,Natural,Lightning,127.0,1996
36.20416,-113.8448,3,3,Natural,Lightning,20.0,1996
36.19973,-113.85999,3,3,Natural,Lightning,10.0,1996
36.20216,-113.85717,3,3,Natural,Lightning,15.0,1996
36.31297,-114.43078,2,2,Human-Caused,Other causes,0.1,1996
36.01469,-114.30047,1,1,Natural,Lightning,2.0,1996
36.10153,-114.64463,4,4,Natural,Lightning,0.1,1996
36.00841,-114.76722,4,4,Human-Caused,Debris and open burning,0.1,1997
36.21007,-114.94743,4,4,Human-Caused,Equipment and vehicle use,0.1,1997
36.16018,-114.89787,4,4,Human-Caused,Equipment and vehicle use,0.1,1997
36.24634,-114.41732,2,2,Human-Caused,Fireworks,0.1,1997
36.12498,-114.76471,4,4,Human-Caused,Recreation and ceremony,0.2,1997
36.49872,-114.37714,2,2,Human-Caused,Recreation and ceremony,0.1,1997
36.13031,-114.80382,4,4,Human-Caused,Recreation and ceremony,0.1,1997
36.16693,-114.49248,4,2,Human-Caused,Recreation and ceremony,0.1,1997
36.13047,-114.80137,4,4,Human-Caused,Equipment and vehicle use,0.1,1997
36.12867,-114.78327,4,4,Human-Caused,Fireworks,0.5,1997
36.03998,-114.80526,4,4,Human-Caused,Fireworks,0.1,1997
36.0247,-114.79943,4,4,Human-Caused,Equipment and vehicle use,0.1,1997
36.47901,-114.4216,2,2,Human-Caused,Smoking,0.5,1997
35.86991,-114.59821,4,4,Human-Caused,Smoking,0.1,1997
35.99327,-114.09092,1,1,Natural,Lightning,0.5,1997
36.41227,-114.41631,2,2,Human-Caused,Smoking,0.1,1997
36.04934,-113.98234,1,1,Natural,Lightning,0.1,1997
36.13529,-114.22344,1,3,Natural,Lightning,5.0,1997
36.18108,-114.69692,4,4,Human-Caused,Equipment and vehicle use,0.1,1997
36.16804,-114.12579,1,3,Human-Caused,Recreation and ceremony,0.1,1998
36.3074,-114.42655,2,2,Human-Caused,Smoking,0.1,1998
36.1303,-114.83879,4,4,Human-Caused,Recreation and ceremony,0.1,1998
36.52838,-114.1396,3,3,Human-Caused,Recreation and ceremony,0.1,1998
35.88948,-114.87542,4,4,Natural,Lightning,0.2,1998
36.16668,-114.76843,4,4,Human-Caused,Equipment and vehicle use,0.1,1998
36.23097,-114.82458,4,4,Natural,Lightning,300.0,1998
36.09548,-114.90559,4,4,Human-Caused,Equipment and vehicle use,0.1,1998
36.26696,-114.03419,3,3,Human-Caused,Smoking,0.1,1998
35.99168,-114.69681,4,4,Human-Caused,Smoking,0.1,1998
36.04249,-114.8085,4,4,Human-Caused,Recreation and ceremony,0.1,1998
36.03503,-114.80082,4,4,Human-Caused,Recreation and ceremony,0.1,1998
36.16667,-114.91163,4,4,Human-Caused,Smoking,0.5,1998
36.09435,-114.90186,4,4,Human-Caused,Equipment and vehicle use,0.1,1998
36.06465,-114.80244,4,4,Natural,Lightning,0.5,1998
36.11162,-114.87145,4,4,Human-Caused,Debris and open burning,0.1,1998
36.01668,-114.71809,4,4,Human-Caused,Smoking,0.1,1998
36.02088,-114.80402,4,4,Human-Caused,Misuse of fire by a minor,0.1,1998
36.48477,-114.34421,2,2,Human-Caused,Arson/incendiarism,2.0,1999
36.4601,-114.42854,2,2,Human-Caused,Arson/incendiarism,0.2,1999
36.04331,-114.81054,4,4,Human-Caused,Recreation and ceremony,1.0,1999
36.23908,-114.57161,2,2,Human-Caused,Arson/incendiarism,0.1,1999
36.06468,-114.82182,4,4,Human-Caused,Smoking,0.1,1999
35.97708,-114.85761,4,4,Human-Caused,Debris and open burning,0.1,1999
36.06468,-114.82182,4,4,Human-Caused,Smoking,0.1,1999
36.1746,-114.1247,1,3,Natural,Lightning,5.0,1999
35.97708,-114.91122,4,4,Human-Caused,Arson/incendiarism,0.1,1999
36.02734,-114.78753,4,4,Human-Caused,Recreation and ceremony,0.2,1999
35.9805,-113.8475,1,1,Natural,Lightning,0.3,2000
35.9517,-113.8194,1,1,Natural,Lightning,1.0,2000
35.9305,-113.8925,1,1,Natural,Lightning,1.5,2000
35.835,-113.8858,1,1,Natural,Lightning,0.1,2000
35.8522,-113.8363,1,1,Natural,Lightning,0.1,2000
35.9167,-113.87,1,1,Natural,Lightning,0.1,2001
35.8,-113.8349,1,1,Natural,Lightning,0.1,2001
35.8,-113.8013,1,1,Natural,Lightning,0.1,2001
35.968,-113.8194,1,1,Human-Caused,Equipment and vehicle use,0.1,2001
35.8186,-113.8519,1,1,Natural,Lightning,0.1,2002
35.8183,-113.8519,1,1,Natural,Lightning,0.3,2002
36.0169,-113.8194,1,1,Natural,Lightning,0.1,2002
36.0055,-113.8025,1,1,Human-Caused,Smoking,0.1,2003
35.9819,-113.8002,1,1,Human-Caused,Equipment and vehicle use,0.1,2003
35.8333,-113.8013,1,1,Natural,Lightning,75.0,2004
35.9347,-113.9188,1,1,Natural,Lightning,0.3,2004
35.8167,-113.8008,1,1,Natural,Lightning,7.0,2004
35.8286,-113.8775,1,1,Natural,Lightning,0.1,2004
35.8439,-113.8847,1,1,Natural,Lightning,0.1,2004
35.8167,-113.86,1,1,Natural,Lightning,0.1,2004
35.833,-113.8894,1,1,Natural,Lightning,0.1,2004
35.9039,-113.8597,1,1,Natural,Lightning,3578.0,2005
35.8044,-113.8105,1,1,Natural,Lightning,3100.0,2005
35.8142,-113.7841,1,1,Natural,Lightning,300.0,2005
35.8578,-113.9044,1,1,Natural,Lightning,0.5,2005
35.8369,-113.7972,1,1,Natural,Lightning,668.0,2006
35.8164,-113.8338,1,1,Natural,Lightning,15.0,2006
35.8836,-113.7674,1,1,Natural,Lightning,33.2,2006
35.8997,-113.7505,1,1,Natural,Lightning,20.0,2006
35.8833,-113.7341,1,1,Natural,Lightning,187.5,2006
35.8436,-113.8758,1,1,Natural,Lightning,398.0,2006
35.8911,-113.7788,1,1,Natural,Lightning,0.2,2006
35.8867,-113.7677,1,1,Natural,Lightning,175.0,2006
35.8997,-113.848,1,1,Natural,Lightning,1100.0,2006
35.883,-113.848,1,1,Natural,Lightning,221.0,2006
35.8722,-113.8511,1,1,Natural,Lightning,0.1,2006
35.8333,-113.7938,1,1,Natural,Lightning,0.2,2006
35.8744,-113.828,1,1,Natural,Lightning,0.5,2006
35.8619,-113.84,1,1,Natural,Lightning,0.1,2006
35.88,-113.8119,1,1,Human-Caused,Fireworks,0.2,2007
35.9072,-113.8944,1,1,Natural,Lightning,23.0,2007
35.9661,-113.8033,1,1,Natural,Lightning,6.0,2007
35.8028,-113.8575,1,1,Natural,Lightning,0.2,2008
35.8531,-113.8767,1,1,Natural,Lightning,0.3,2009
36.1705,-113.7841,1,1,Natural,Lightning,5.0,2000
36.4528,-113.748,3,3,Natural,Lightning,104.0,2000
36.3355,-113.8041,3,3,Natural,Lightning,10.0,2000
36.5666,-113.753,3,3,Natural,Lightning,0.1,2000
36.5369,-113.7675,3,3,Natural,Lightning,100.0,2001
36.593,-113.9139,3,3,Natural,Lightning,0.1,2001
36.4772,-113.9066,3,3,Natural,Lightning,0.1,2001
36.4916,-113.9425,3,3,Natural,Lightning,0.1,2001
36.428,-113.7763,3,3,Natural,Lightning,10.0,2001
36.3328,-113.7722,3,3,Natural,Lightning,0.1,2001
36.5786,-113.788,3,3,Natural,Lightning,0.1,2001
36.5064,-113.7458,3,3,Natural,Lightning,0.1,2001
36.5641,-113.7163,3,3,Natural,Lightning,0.1,2001
36.4039,-113.7636,3,3,Natural,Lightning,0.1,2001
36.1517,-113.728,1,1,Natural,Lightning,45.0,2001
36.4478,-113.9066,3,3,Natural,Lightning,0.1,2001
36.2578,-113.7994,3,3,Natural,Lightning,1.0,2001
36.3264,-113.9761,3,3,Natural,Lightning,0.7,2001
36.583,-113.7847,3,3,Natural,Lightning,28.0,2001
36.5764,-113.823,3,3,Natural,Lightning,39.0,2003
36.5641,-113.788,3,3,Natural,Lightning,0.1,2003
36.1889,-113.7227,3,1,Natural,Lightning,7.0,2004
36.4472,-113.7416,3,3,Natural,Lightning,3.3,2004
36.4469,-113.7394,3,3,Natural,Lightning,0.1,2004
36.3428,-113.7825,3,3,Natural,Lightning,2.0,2004
36.5664,-113.7497,3,3,Natural,Lightning,0.1,2005
36.4089,-113.8386,3,3,Natural,Lightning,1.0,2005
36.4089,-113.8386,3,3,Natural,Lightning,0.1,2005
36.4925,-113.7083,3,3,Natural,Lightning,5675.0,2005
36.5508,-113.9578,3,3,Natural,Lightning,614.0,2005
36.5681,-113.7406,3,3,Natural,Lightning,35639.0,2005
36.5586,-113.7497,3,3,Natural,Lightning,0.1,2005
36.2367,-113.8733,3,3,Natural,Lightning,624.0,2005
36.3603,-113.7808,3,3,Human-Caused,Equipment and vehicle use,20551.0,2005
36.5642,-113.9308,3,3,Natural,Lightning,44707.0,2005
36.4211,-113.8533,3,3,Natural,Lightning,0.1,2005
36.5736,-113.9361,3,3,Natural,Lightning,0.2,2005
36.4047,-113.9369,3,3,Natural,Lightning,0.1,2005
36.1603,-113.8289,1,1,Natural,Lightning,0.1,2005
36.5003,-114.0417,3,3,Natural,Lightning,183.0,2005
36.5683,-113.9294,3,3,Natural,Lightning,578.0,2005
36.5233,-113.9958,3,3,Natural,Lightning,2680.0,2005
36.1944,-113.8281,3,3,Natural,Lightning,0.1,2005
36.1956,-113.7822,3,3,Natural,Lightning,716.0,2006
36.2061,-113.8083,3,3,Natural,Lightning,726.0,2006
36.2881,-113.8311,3,3,Natural,Lightning,8.0,2006
36.5522,-113.9425,3,3,Natural,Lightning,0.1,2006
36.5756,-113.8361,3,3,Natural,Lightning,143.0,2006
36.5108,-114.0019,3,3,Natural,Lightning,3339.0,2006
36.3914,-113.7575,3,3,Natural,Lightning,1713.0,2006
36.3389,-113.7364,3,3,Natural,Lightning,56.0,2006
36.4289,-113.7419,3,3,Natural,Lightning,35.0,2006
36.5056,-113.9342,3,3,Natural,Lightning,35.0,2006
36.565,-113.9825,3,3,Natural,Lightning,809.0,2006
36.4078,-113.7569,3,3,Natural,Lightning,1.0,2006
36.5828,-113.7178,3,3,Natural,Lightning,0.1,2006
36.5828,-113.7175,3,3,Natural,Lightning,0.1,2006
36.175,-113.8119,1,1,Natural,Lightning,1.0,2006
36.5522,-113.8892,3,3,Natural,Lightning,1.0,2006
36.3342,-113.7636,3,3,Natural,Lightning,0.1,2006
36.4208,-113.71,3,3,Natural,Lightning,0.1,2006
36.4914,-113.8794,3,3,Natural,Lightning,9.0,2006
36.2414,-113.8094,3,3,Natural,Lightning,5.0,2006
36.2761,-113.7636,3,3,Natural,Lightning,0.5,2006
36.4208,-113.7636,3,3,Natural,Lightning,2.0,2006
36.2908,-113.7661,3,3,Natural,Lightning,0.1,2006
36.4361,-113.9778,3,3,Natural,Lightning,0.1,2006
36.5731,-113.9997,3,3,Natural,Lightning,0.1,2006
36.3614,-113.7592,3,3,Natural,Lightning,1.0,2006
36.5511,-113.94,3,3,Natural,Lightning,5923.0,2006
36.5614,-113.9786,3,3,Natural,Lightning,200.0,2006
36.4081,-113.9089,3,3,Natural,Lightning,55.0,2006
36.4942,-113.7925,3,3,Natural,Lightning,73.0,2006
36.445,-113.7256,3,3,Natural,Lightning,4.0,2006
36.4356,-113.7997,3,3,Natural,Lightning,0.1,2006
36.4164,-113.9972,3,3,Natural,Lightning,2.0,2006
36.5289,-113.8086,3,3,Natural,Lightning,17.0,2006
36.4967,-114.0214,3,3,Natural,Lightning,0.1,2008
36.4731,-113.7075,3,3,Natural,Lightning,28.0,2008
36.4483,-113.9369,3,3,Natural,Lightning,0.1,2008
36.4406,-113.9319,3,3,Natural,Lightning,0.1,2008
35.8403,-114.5711,4,4,Human-Caused,Equipment and vehicle use,0.1,2008
35.8261,-114.5583,4,4,Human-Caused,Equipment and vehicle use,0.1,2008
35.9447,-113.9106,1,1,Natural,Lightning,0.1,2008
35.9339,-113.9281,1,1,Natural,Lightning,0.1,2008
35.8214,-113.9522,1,1,Natural,Lightning,22.0,2009
35.80418,-113.96095,1,1,Natural,Lightning,15.0,2000
35.8894,-114.0947,1,1,Natural,Lightning,0.1,2001
35.81471,-114.1408,1,1,Human-Caused,Equipment and vehicle use,1.0,2001
35.858,-114.078,1,1,Human-Caused,Equipment and vehicle use,0.1,2001
35.8,-114.5197,4,4,Human-Caused,Equipment and vehicle use,0.1,2001
35.9164,-114.3425,1,1,Natural,Lightning,0.1,2003
35.843,-114.5728,4,4,Natural,Lightning,0.1,2004
35.8436,-114.2933,1,1,Natural,Lightning,320.0,2006
35.8383,-114.5694,4,4,Human-Caused,Equipment and vehicle use,0.1,2006
35.85,-114.2772,1,1,Natural,Lightning,3122.8,2006
35.8536,-114.2466,1,1,Natural,Lightning,9.0,2006
35.8786,-114.013,1,1,Natural,Lightning,9.0,2006
35.8639,-114.0225,1,1,Natural,Lightning,34.0,2006
36.258,-114.2214,3,3,Human-Caused,Arson/incendiarism,45.0,2000
36.0883,-114.9725,4,4,Natural,Lightning,2.0,2001
36.415,-114.9575,2,2,Natural,Lightning,0.1,2001
35.9916,-114.9111,4,4,Natural,Lightning,0.1,2001
36.3544,-114.1461,3,3,Natural,Lightning,0.1,2003
36.5875,-114.14,3,3,Natural,Lightning,8404.0,2004
36.2061,-114.9625,4,4,Human-Caused,Arson/incendiarism,0.1,2004
35.9636,-114.9808,4,4,Human-Caused,Equipment and vehicle use,1.0,2005
36.4461,-114.9925,2,2,Natural,Lightning,2221.0,2005
36.3333,-114.9703,2,2,Natural,Lightning,859.0,2005
36.4767,-114.983,2,2,Natural,Lightning,898.0,2005
36.2681,-114.155,3,3,Natural,Lightning,43245.0,2005
36.2231,-114.1858,3,3,Natural,Lightning,100.0,2005
36.3333,-114.15,3,3,Natural,Lightning,27318.0,2005
36.2703,-114.2142,3,3,Natural,Lightning,1.0,2005
36.5131,-114.938,2,2,Human-Caused,Firearms and explosives use,1100.0,2005
36.4494,-114.9455,2,2,Human-Caused,Fireworks,1.5,2005
36.44,-114.7244,2,2,Human-Caused,Fireworks,0.1,2005
36.3072,-114.9505,2,2,Human-Caused,Recreation and ceremony,0.1,2005
36.0006,-114.9036,4,4,Human-Caused,Fireworks,0.9,2005
36.5967,-114.0778,3,3,Natural,Lightning,103.0,2005
36.5508,-114.4686,2,2,Natural,Lightning,0.5,2005
36.5711,-114.9322,2,2,Natural,Lightning,80.0,2005
36.3153,-114.1525,3,3,Natural,Lightning,0.1,2005
36.4856,-114.7967,2,2,Human-Caused,Arson/incendiarism,1.0,2005
36.4333,-114.9667,2,2,Natural,Lightning,931.0,2005
36.5192,-114.0511,3,3,Natural,Lightning,0.1,2005
36.2031,-114.9592,4,4,Human-Caused,Equipment and vehicle use,0.1,2006
36.3111,-114.2703,3,3,Natural,Lightning,15.0,2006
36.4289,-114.6097,2,2,Natural,Lightning,250.0,2006
36.3583,-114.9883,2,2,Natural,Lightning,15.0,2006
36.5619,-114.9911,2,2,Natural,Lightning,18.0,2006
36.5844,-114.13,3,3,Natural,Lightning,196.0,2006
36.5311,-114.0697,3,3,Natural,Lightning,245.0,2006
36.3258,-114.1122,3,3,Natural,Lightning,1370.0,2006
36.1064,-114.9942,4,4,Human-Caused,Recreation and ceremony,0.1,2007
36.2381,-115.0,4,4,Human-Caused,Fireworks,18.1,2007
36.55,-114.0792,3,3,Natural,Lightning,12.0,2007
36.4806,-114.4494,2,2,Human-Caused,Recreation and ceremony,0.1,2007
36.2022,-114.943,4,4,Human-Caused,Debris and open burning,0.1,2008
36.0489,-114.8817,4,4,Human-Caused,Equipment and vehicle use,0.1,2008
36.0044,-114.9142,4,4,Human-Caused,Recreation and ceremony,0.1,2009
36.0006,-114.9072,4,4,Human-Caused,Recreation and ceremony,0.1,2009
36.555,-114.8667,2,2,Natural,Lightning,0.1,2009
36.114989,-113.793283,1,1,Natural,Lightning,158.0,2005
36.097731,-113.713433,1,1,Natural,Lightning,4.0,2005
36.00887,-114.7972,4,4,Human-Caused,Recreation and ceremony,0.1,2000
36.06365,-114.71864,4,4,Human-Caused,Smoking,0.1,2000
36.43324,-114.37655,2,2,Natural,Lightning,0.1,2000
36.03352,-114.83567,4,4,Natural,Lightning,0.1,2000
36.02175,-114.82557,4,4,Natural,Lightning,0.1,2000
36.08665,-114.83277,4,4,Human-Caused,Smoking,0.1,2000
36.05832,-114.05663,1,1,Natural,Lightning,0.1,2000
36.0736,-114.06274,1,1,Natural,Lightning,0.1,2000
36.03548,-114.80402,4,4,Natural,Lightning,0.1,2000
36.04888,-114.04579,1,1,Natural,Lightning,0.1,2000
36.57108,-114.66666,2,2,Human-Caused,Debris and open burning,0.5,2001
35.97026,-114.68192,4,4,Human-Caused,Smoking,0.2,2001
36.01865,-114.77145,4,4,Human-Caused,Fireworks,0.1,2001
36.52734,-114.42714,2,2,Human-Caused,Debris and open burning,100.0,2001
35.99285,-114.78098,4,4,Human-Caused,Equipment and vehicle use,0.1,2001
36.02869,-114.70832,4,4,Human-Caused,Equipment and vehicle use,0.1,2002
35.93887,-114.76137,4,4,Human-Caused,Equipment and vehicle use,0.1,2002
36.0997,-114.96194,4,4,Human-Caused,Debris and open burning,88.0,2002
36.16942,-114.83499,4,4,Natural,Lightning,0.1,2002
36.27922,-114.02109,3,3,Natural,Lightning,0.1,2002
35.85221,-114.59275,4,4,Human-Caused,Equipment and vehicle use,0.1,2002
36.13045,-114.79242,4,4,Human-Caused,Smoking,0.1,2003
36.04999,-114.05079,1,1,Natural,Lightning,0.1,2003
36.07804,-114.05218,1,1,Natural,Lightning,0.5,2003
36.04,-114.7694,4,4,Human-Caused,Arson/incendiarism,0.1,2004
36.0172,-114.7508,4,4,Human-Caused,Misuse of fire by a minor,0.1,2004
36.1181,-114.0972,1,1,Human-Caused,Arson/incendiarism,0.2,2004
36.1333,-114.8342,4,4,Natural,Lightning,0.2,2004
36.0128,-114.7544,4,4,Natural,Lightning,0.1,2004
36.0808,-114.8203,4,4,Natural,Lightning,0.3,2004
36.503,-114.3991,2,2,Natural,Lightning,50.0,2004
36.0341,-114.803,4,4,Natural,Lightning,0.1,2004
36.0019,-114.7247,4,4,Natural,Lightning,0.1,2004
36.5183,-114.43,2,2,Natural,Lightning,0.1,2005
35.9903,-114.0839,1,1,Natural,Lightning,0.1,2005
35.9772,-114.0911,1,1,Natural,Lightning,0.1,2005
36.1494,-114.8119,4,4,Human-Caused,Recreation and ceremony,0.1,2005
35.9697,-114.4992,4,4,Natural,Lightning,0.5,2005
36.4722,-114.3592,2,2,Natural,Lightning,25.0,2005
36.1592,-114.8056,4,4,Human-Caused,Recreation and ceremony,0.8,2006
36.0342,-114.8014,4,4,Natural,Lightning,0.1,2006
36.1425,-114.73,4,4,Human-Caused,Misuse of fire by a minor,0.1,2006
36.0117,-114.7947,4,4,Human-Caused,Smoking,0.1,2007
36.0783,-114.8036,4,4,Human-Caused,Recreation and ceremony,0.1,2007
36.0328,-114.7792,4,4,Human-Caused,Recreation and ceremony,0.1,2007
36.0331,-114.7805,4,4,Human-Caused,Recreation and ceremony,0.1,2007
36.0236,-114.7733,4,4,Human-Caused,Recreation and ceremony,0.1,2007
36.0228,-114.773,4,4,Human-Caused,Recreation and ceremony,0.1,2007
36.0819,-114.8019,4,4,Human-Caused,Recreation and ceremony,0.1,2007
36.0814,-114.8153,4,4,Human-Caused,Recreation and ceremony,0.1,2007
35.93469,-114.63746,4,4,Human-Caused,Equipment and vehicle use,0.3,2007
36.3778,-114.44221,2,2,Human-Caused,Fireworks,3.3,2007
35.87719,-114.66571,4,4,Natural,Lightning,0.1,2007
36.0367,-114.7833,4,4,Human-Caused,Recreation and ceremony,0.1,2008
36.02983,-114.32424,1,1,Human-Caused,Power generation/transmission/distribution,0.1,2008
36.04786,-114.82016,4,4,Human-Caused,Debris and open burning,0.1,2008
36.1478,-113.975,1,1,Natural,Lightning,1.5,2008
35.8658,-114.6197,4,4,Human-Caused,Equipment and vehicle use,0.1,2008
36.1742,-114.7644,4,4,Human-Caused,Equipment and vehicle use,0.1,2008
36.00872,-114.76643,4,4,Human-Caused,Debris and open burning,0.1,2008
36.1553,-114.8083,4,4,Human-Caused,Recreation and ceremony,0.1,2009
36.30824,-114.43582,2,2,Human-Caused,Arson/incendiarism,0.1,2009
36.0372,-114.8044,4,4,Human-Caused,Arson/incendiarism,0.1,2009
36.0397,-114.8019,4,4,Natural,Lightning,0.1,2009
36.4022,-114.5556,2,2,Natural,Lightning,2.0,2004
36.4258,-114.5802,2,2,Natural,Lightning,0.5,2004
35.91527778,-114.55694444,4,4,Natural,Lightning,1.0,2005
36.54694444,-114.97277778,2,2,Natural,Lightning,320.0,2005
35.80225285,-114.09830575,1,1,Natural,Lightning,0.25,2006
35.87894664,-114.28537202,1,1,Natural,Lightning,0.1,1995
36.57752008,-113.76619194,3,3,Human-Caused,Equipment and vehicle use,4.0,1994
35.90443012,-114.17566398,1,1,Natural,Lightning,0.1,1996
35.8142,-114.1313,1,1,Human-Caused,Equipment and vehicle use,0.3,2007
35.8944,-114.0861,1,1,Human-Caused,Equipment and vehicle use,0.1,2007
35.8183,-113.8747,1,1,Natural,Lightning,0.7,2010
35.8967,-113.7964,1,1,Natural,Lightning,0.3,2010
36.5536,-114.6967,2,2,Natural,Lightning,0.1,2010
36.0044,-114.9144,4,4,Natural,Lightning,0.1,2010
36.2017,-114.6883,4,4,Natural,Lightning,0.1,2010
36.0244,-114.798,4,4,Human-Caused,Equipment and vehicle use,0.1,2010
36.4244,-114.4155,2,2,Human-Caused,Equipment and vehicle use,0.1,2010
36.1394,-114.7267,4,4,Human-Caused,Recreation and ceremony,0.1,2010
36.375,-114.3942,2,2,Human-Caused,Fireworks,0.1,2010
36.0083,-114.8069,4,4,Natural,Lightning,0.1,2010
35.8846,-114.1064,1,1,Natural,Lightning,0.1,2001
35.8277,-114.5367,4,4,Human-Caused,Smoking,0.25,2002
35.9662,-114.0971,1,1,Human-Caused,Equipment and vehicle use,0.1,2008
35.9597,-113.8486,1,1,Human-Caused,Smoking,1.0,2011
35.8906,-113.8439,1,1,Natural,Lightning,350.0,2011
36.550597,-113.808197,3,3,Natural,Lightning,17188.0,2011
36.5055,-113.889703,3,3,Natural,Lightning,0.1,2011
36.4769,-113.8719,3,3,Natural,Lightning,0.1,2011
36.4227,-113.7742,3,3,Natural,Lightning,130.0,2011
36.4537,-113.747703,3,3,Natural,Lightning,0.2,2011
36.545897,-113.782203,3,3,Natural,Lightning,200.0,2011
36.2514,-113.769797,3,3,Natural,Lightning,866.0,2011
36.261903,-113.8135,3,3,Natural,Lightning,1080.0,2011
35.86925,-113.95289,1,1,Natural,Lightning,0.5,2011
35.9703,-113.9625,1,1,Natural,Lightning,215.0,2011
36.4456,-114.9783,2,2,Natural,Lightning,1.3,2011
36.136595,-113.761088,1,1,Natural,Lightning,0.1,2011
35.9894,-113.9639,1,1,Natural,Lightning,9795.0,2011
36.0081,-114.8025,4,4,Natural,Lightning,0.1,2011
36.3008,-114.4339,2,2,Natural,Lightning,0.1,2011
36.0347,-114.3203,1,1,Human-Caused,Equipment and vehicle use,0.3,2011
36.1158,-114.8392,4,4,Human-Caused,Arson/incendiarism,0.3,2011
36.0356,-114.8008,4,4,Natural,Lightning,0.1,2011
36.1428,-114.6528,4,4,Natural,Lightning,0.1,2011
36.1192,-114.8667,4,4,Natural,Lightning,0.1,2011
36.1625,-113.8503,1,1,Natural,Lightning,0.6,2011
36.1775,-113.7611,1,1,Natural,Lightning,0.1,2011
36.1442,-113.8258,1,1,Natural,Lightning,0.1,2011
35.8683,-114.6058,4,4,Human-Caused,Equipment and vehicle use,0.1,2011
35.8639,-114.6028,4,4,Natural,Lightning,0.1,2011
36.0889,-114.91,4,4,Human-Caused,Equipment and vehicle use,0.1,2011
36.3485,-113.7098,3,3,Natural,Lightning,0.1,2012
36.235297,-113.789703,3,3,Natural,Lightning,50.0,2012
36.2063,-113.775497,3,3,Natural,Lightning,4345.0,2012
36.2733,-113.7872,3,3,Natural,Lightning,410.0,2012
36.525,-113.7242,3,3,Natural,Lightning,242.0,2012
36.4075,-113.7756,3,3,Natural,Lightning,540.0,2012
36.355,-113.7822,3,3,Natural,Lightning,0.1,2012
36.2715,-113.8246,3,3,Natural,Lightning,530.0,2012
36.3056,-113.960197,3,3,Natural,Lightning,0.1,2012
36.3201,-113.924697,3,3,Natural,Lightning,0.1,2012
36.4142,-113.954803,3,3,Human-Caused,Debris and open burning,4.0,2012
35.8375,-113.9472,1,1,Natural,Lightning,8.0,2012
35.84233,-113.95775,1,1,Natural,Lightning,26.0,2012
35.8572,-113.924897,1,1,Natural,Lightning,0.1,2012
35.975,-113.955,1,1,Natural,Lightning,798.0,2012
35.8417,-113.955,1,1,Natural,Lightning,0.3,2012
35.82658,-114.55819,4,4,Human-Caused,Equipment and vehicle use,0.1,2012
36.1158,-113.7033,1,1,Natural,Lightning,41.0,2012
35.9886,-113.8122,1,1,Human-Caused,Smoking,0.4,2012
35.9456,-113.8506,1,1,Human-Caused,Debris and open burning,4.0,2012
35.9667,-113.9333,1,1,Natural,Lightning,0.5,2012
36.0067,-114.7742,4,4,Human-Caused,Recreation and ceremony,0.1,2012
36.1367,-114.8653,4,4,Human-Caused,Equipment and vehicle use,0.1,2012
35.9767,-114.6947,4,4,Human-Caused,Equipment and vehicle use,0.1,2012
36.0356,-114.8014,4,4,Natural,Lightning,0.1,2012
35.9692,-114.08,1,1,Human-Caused,Equipment and vehicle use,0.1,2012
35.9772,-114.0919,1,1,Natural,Lightning,0.5,2012
35.8572,-114.5947,4,4,Human-Caused,Equipment and vehicle use,0.1,2012
35.966667,-114.083333,1,1,Natural,Lightning,0.1,2012
36.0544,-114.8197,4,4,Human-Caused,Equipment and vehicle use,0.1,2012
36.5006,-114.208,3,3,Natural,Lightning,7.8,2012
36.5478,-114.4511,2,2,Natural,Lightning,0.3,2012
35.9731,-114.97,4,4,Human-Caused,Arson/incendiarism,0.1,2012
36.4514,-114.8722,2,2,Human-Caused,Arson/incendiarism,14.0,2012
36.3853,-114.233,3,3,Human-Caused,Firearms and explosives use,4.0,2012
36.4578,-114.8789,2,2,Human-Caused,Recreation and ceremony,0.1,2012
36.1164,-114.9914,4,4,Human-Caused,Equipment and vehicle use,0.1,2012
36.4497,-114.9414,2,2,Human-Caused,Firearms and explosives use,0.1,2012
36.5394,-113.7656,3,3,Natural,Lightning,101.0,2013
36.5239,-113.7467,3,3,Natural,Lightning,0.1,2013
36.5875,-113.7706,3,3,Natural,Lightning,0.1,2013
36.5839,-113.7681,3,3,Natural,Lightning,0.1,2013
35.8872,-114.0408,1,1,Natural,Lightning,0.1,2013
35.913033,-113.9688,1,1,Natural,Lightning,53.0,2013
35.9478,-113.8986,1,1,Natural,Lightning,5803.0,2013
35.9092,-113.7,1,1,Human-Caused,Debris and open burning,0.1,2013
36.0225,-114.8344,4,4,Natural,Lightning,0.3,2013
36.0069,-114.7533,4,4,Human-Caused,Recreation and ceremony,0.1,2013
36.0042,-114.7636,4,4,Human-Caused,Recreation and ceremony,0.1,2013
35.9769,-114.983,4,4,Human-Caused,Debris and open burning,0.1,2013
36.1286,-114.9858,4,4,Human-Caused,Recreation and ceremony,0.1,2013
36.2453,-114.1428,3,3,Natural,Lightning,30.0,2013
36.428,-113.7755,3,3,Natural,Lightning,404.0,2014
35.8025,-113.8856,1,1,Natural,Lightning,0.8,2014
36.2467,-114.4917,2,2,Natural,Lightning,0.1,2014
36.1656,-114.9158,4,4,Human-Caused,Equipment and vehicle use,0.1,2014
36.1225,-114.7972,4,4,Natural,Lightning,0.1,2014
36.1722,-114.7642,4,4,Human-Caused,Equipment and vehicle use,0.1,2014
36.1353,-114.9078,4,4,Natural,Lightning,0.1,2014
36.3164,-114.4605,2,2,Human-Caused,Equipment and vehicle use,0.3,2014
36.0103,-114.7989,4,4,Natural,Lightning,0.1,2014
35.96088,-114.66218,4,4,Natural,Lightning,0.1,2014
36.0872,-114.2253,1,1,Natural,Lightning,0.1,2014
36.0981,-114.0453,1,1,Natural,Lightning,0.1,2014
35.9219,-114.9536,4,4,Natural,Lightning,0.1,2014
36.0258,-114.9047,4,4,Human-Caused,Recreation and ceremony,0.1,2014
36.31127,-114.22005,3,3,Natural,Lightning,5.0,2014
36.3356,-114.9481,2,2,Human-Caused,Equipment and vehicle use,0.1,2014
36.499,-114.7146,2,2,Human-Caused,Debris and open burning,43.0,2014
35.8011,-114.5353,4,4,Human-Caused,Equipment and vehicle use,0.1,2015
35.82797,-114.55972,4,4,Human-Caused,Equipment and vehicle use,0.1,2015
35.80869,-114.71336,4,4,Human-Caused,Debris and open burning,0.1,2015
36.0342,-114.7975,4,4,Natural,Lightning,0.1,2015
35.9611,-114.7072,4,4,Human-Caused,Firearms and explosives use,0.1,2015
36.3222,-114.9467,2,2,Human-Caused,Recreation and ceremony,0.1,2015
36.5558,-114.9303,2,2,Human-Caused,Equipment and vehicle use,0.3,2015
36.2917,-114.9661,2,2,Human-Caused,Recreation and ceremony,0.1,2015
36.356733,-113.787188,3,3,Natural,Lightning,21.0,2016
36.32097,-113.74483,3,3,Natural,Lightning,0.1,2016
36.44449,-113.748586,3,3,Natural,Lightning,0.1,2016
35.8617,-114.0847,1,1,Natural,Lightning,0.1,2017
35.8894,-113.8969,1,1,Natural,Lightning,78.0,2016
35.8219,-113.85,1,1,Natural,Lightning,0.5,2017
36.0278,-113.8036,1,1,Natural,Lightning,0.1,2017
36.37458,-114.44261,2,2,Human-Caused,Smoking,0.1,2016
36.0147,-114.7472,4,4,Human-Caused,Recreation and ceremony,0.1,2016
35.97906,-114.69472,4,4,Natural,Lightning,0.1,2016
36.12258,-114.90404,4,4,Natural,Lightning,0.1,2016
36.11333,-114.66777,4,4,Human-Caused,Arson/incendiarism,0.1,2016
36.01169,-114.79468,4,4,Natural,Lightning,0.1,2016
36.5303,-114.418,2,2,Natural,Lightning,1.0,2016
35.8686,-114.6614,4,4,Human-Caused,Recreation and ceremony,0.1,2016
35.87269,-114.65382,4,4,Human-Caused,Equipment and vehicle use,0.1,2017
36.14131,-114.72892,4,4,Human-Caused,Smoking,1.0,2017
35.94089,-114.64175,4,4,Human-Caused,Equipment and vehicle use,0.1,2017
35.95322,-114.85019,4,4,Human-Caused,Fireworks,0.1,2017
35.87383,-114.66147,4,4,Human-Caused,Arson/incendiarism,0.1,2017
35.90811,-114.62781,4,4,Human-Caused,Equipment and vehicle use,0.1,2017
35.953681,-114.668008,4,4,Human-Caused,Equipment and vehicle use,0.1,2017
36.4803,-114.8058,2,2,Human-Caused,Equipment and vehicle use,0.1,2016
36.47322,-114.82208,2,2,Human-Caused,Equipment and vehicle use,0.3,2016
36.475,-114.835,2,2,Human-Caused,Firearms and explosives use,2.5,2017
36.5064,-114.7547,2,2,Human-Caused,Equipment and vehicle use,0.3,2017
36.485,-114.7997,2,2,Human-Caused,Equipment and vehicle use,3.4,2017
35.8522,-114.6358,4,4,Natural,Lightning,0.1,2017
36.4517,-114.9403,2,2,Human-Caused,Firearms and explosives use,0.1,2017
36.4653,-114.8858,2,2,Human-Caused,Debris and open burning,0.1,2017
36.1681,-113.8061,1,1,Natural,Lightning,0.3,2018
35.8506,-114.0853,1,1,Human-Caused,Equipment and vehicle use,0.1,2018
35.8358,-114.5664,4,4,Human-Caused,Equipment and vehicle use,0.1,2018
36.095069,-113.9003,1,1,Natural,Lightning,165.0,2018
36.08592,-114.08683,1,1,Human-Caused,Equipment and vehicle use,0.4,2018
36.0314,-114.32324,1,1,Human-Caused,Recreation and ceremony,0.1,2018
36.12798,-114.87159,4,4,Human-Caused,Recreation and ceremony,0.1,2018
36.2097,-114.5698,4,2,Human-Caused,Fireworks,0.6,2018
36.112095,-114.86149,4,4,Human-Caused,Smoking,0.1,2018
35.94691,-114.64699,4,4,Human-Caused,Equipment and vehicle use,0.1,2018
35.952128,-114.65116,4,4,Human-Caused,Smoking,0.1,2018
35.98908,-114.715388,4,4,Human-Caused,Smoking,0.1,2018
36.2125,-114.9597,4,4,Human-Caused,Recreation and ceremony,0.3,2018
36.1039,-114.9992,4,4,Human-Caused,Debris and open burning,0.1,2018
36.185,-114.9219,4,4,Human-Caused,Debris and open burning,0.1,2018
36.1039,-114.9989,4,4,Human-Caused,Recreation and ceremony,0.1,2018
36.1156,-114.9936,4,4,Human-Caused,Debris and open burning,0.1,2018
36.524381,-113.904097,3,3,Human-Caused,Recreation and ceremony,0.1,2019
35.9339,-114.0861,1,1,Human-Caused,Equipment and vehicle use,0.3,2019
35.8747,-114.0664,1,1,Natural,Lightning,0.1,2019
35.84353,-113.86681,1,1,Natural,Lightning,0.1,2019
35.954595,-114.653805,4,4,Human-Caused,Equipment and vehicle use,0.3,2019
35.861095,-114.64899,4,4,Human-Caused,Equipment and vehicle use,0.1,2019
35.9244,-114.6325,4,4,Human-Caused,Equipment and vehicle use,0.1,2019
35.85263,-114.59199,4,4,Human-Caused,Equipment and vehicle use,0.1,2019
36.07249,-114.06029,1,1,Human-Caused,Equipment and vehicle use,0.1,2019
36.1097,-114.8883,4,4,Human-Caused,Equipment and vehicle use,0.1,2019
35.97983,-114.67289,4,4,Human-Caused,Equipment and vehicle use,0.1,2019
36.4503,-114.9564,2,2,Human-Caused,Equipment and vehicle use,0.1,2019
35.965,-114.9778,4,4,Human-Caused,Firearms and explosives use,0.1,2019
36.2078,-114.9006,4,4,Human-Caused,Debris and open burning,0.1,2019
36.2028,-114.995,4,4,Human-Caused,Fireworks,0.1,2019
36.1644,-114.2761,1,3,Natural,Lightning,4465.0,2019
36.4711,-114.8194,2,2,Human-Caused,Equipment and vehicle use,1.6,2019
36.1953,-114.9286,4,4,Human-Caused,Equipment and vehicle use,0.1,2019
36.5239,-114.7317,2,2,Human-Caused,Equipment and vehicle use,0.1,2019
35.97250532,-114.09331161,1,1,Human-Caused,Equipment and vehicle use,0.25,2020
36.5223054,-113.86501162,3,3,Natural,Lightning,38628.0,2020
36.54537538,-114.18031169,3,3,Human-Caused,Equipment and vehicle use,16.0,2020
35.82078532,-113.77691154,1,1,Natural,Lightning,600.0,2020
35.96619279,-114.09281039,1,1,Human-Caused,Equipment and vehicle use,0.25,2020
36.57583537,-114.48581175,2,2,Human-Caused,Firearms and explosives use,0.1,2020
36.41803534,-114.55231174,2,2,Human-Caused,Arson/incendiarism,0.1,2020
36.30782768,-114.42903527,2,2,Human-Caused,Recreation and ceremony,0.1,2020
36.45279533,-114.8423118,2,2,Human-Caused,Fireworks,0.5,2020
36.44998532,-114.94531182,2,2,Human-Caused,Firearms and explosives use,0.1,2020
36.48388533,-114.93801182,2,2,Human-Caused,Firearms and explosives use,0.1,2020
36.46888533,-114.8259118,2,2,Human-Caused,Equipment and vehicle use,0.31,2020
36.34179532,-114.84061179,2,2,Human-Caused,Firearms and explosives use,14.0,2020
36.40178532,-114.8603118,2,2,Human-Caused,Firearms and explosives use,0.1,2020
36.40208532,-114.8599118,2,2,Human-Caused,Firearms and explosives use,0.1,2020
36.2056653,-114.90041179,4,4,Human-Caused,Arson/incendiarism,0.1,2020
36.40240532,-114.8726118,2,2,Human-Caused,Firearms and explosives use,5.3,2020
36.44987532,-114.95531182,2,2,Human-Caused,Firearms and explosives use,0.71,2020
36.45008532,-114.95471182,2,2,Human-Caused,Firearms and explosives use,0.1,2020
36.43924532,-114.97571182,2,2,Human-Caused,Firearms and explosives use,4.9,2020
36.43892532,-114.96411182,2,2,Human-Caused,Fireworks,0.1,2020
36.44040532,-114.96411182,2,2,Human-Caused,Firearms and explosives use,0.1,2020
36.43950532,-114.97051182,2,2,Human-Caused,Firearms and explosives use,1.0,2020
36.44044532,-114.97421182,2,2,Human-Caused,Firearms and explosives use,3.8,2020
36.44294532,-114.96931182,2,2,Human-Caused,Fireworks,0.1,2020
36.44907532,-114.95321182,2,2,Human-Caused,Firearms and explosives use,0.1,2020
36.45039532,-114.95461182,2,2,Human-Caused,Fireworks,0.1,2020
36.2116153,-114.94331179,4,4,Human-Caused,Arson/incendiarism,0.1,2020
36.20950529,-114.9926118,4,4,Human-Caused,Fireworks,0.1,2020
36.09822529,-114.85141177,4,4,Human-Caused,Equipment and vehicle use,0.1,2020
36.1581653,-114.81221176,4,4,Human-Caused,Arson/incendiarism,0.1,2020
36.2016753,-114.89681178,4,4,Human-Caused,Arson/incendiarism,0.1,2020
36.19110531,-114.73421175,4,4,Human-Caused,Equipment and vehicle use,0.1,2020
36.2022753,-114.89631178,4,4,Human-Caused,Arson/incendiarism,0.1,2020
36.2023753,-114.89651178,4,4,Human-Caused,Arson/incendiarism,0.1,2020
36.2034753,-114.91291179,4,4,Human-Caused,Arson/incendiarism,0.1,2020
35.97175528,-114.68731172,4,4,Human-Caused,Equipment and vehicle use,0.1,2020
36.00214528,-114.72411173,4,4,Human-Caused,Equipment and vehicle use,0.1,2020
36.03040531,-114.32431166,1,1,Human-Caused,Recreation and ceremony,0.4,2020
36.03720528,-114.80091175,4,4,Human-Caused,Recreation and ceremony,0.1,2020
36.20642529,-114.9630118,4,4,Human-Caused,Fireworks,0.1,2020
36.20071529,-114.9944118,4,4,Human-Caused,Arson/incendiarism,0.1,2020
36.20039529,-114.9954118,4,4,Human-Caused,Fireworks,0.1,2020
36.20636529,-114.9633118,4,4,Human-Caused,Equipment and vehicle use,0.1,2020
36.2034353,-114.91301179,4,4,Human-Caused,Debris and open burning,0.1,2020
36.20123529,-114.9831118,4,4,Human-Caused,Arson/incendiarism,0.2,2020
36.20233529,-114.9753118,4,4,Human-Caused,Arson/incendiarism,0.1,2020
36.11861528,-114.98211179,4,4,Human-Caused,Equipment and vehicle use,0.1,2020
36.12014528,-114.97461179,4,4,Human-Caused,Recreation and ceremony,0.1,2020
36.18422529,-114.92311179,4,4,Human-Caused,Arson/incendiarism,0.1,2020
36.18387529,-114.92371179,4,4,Human-Caused,Debris and open burning,0.1,2020
36.20188529,-114.9663118,4,4,Human-Caused,Debris and open burning,0.1,2020
36.04570528,-114.91791177,4,4,Human-Caused,Fireworks,0.13,2020
35.90694528,-114.62361171,4,4,Human-Caused,Recreation and ceremony,0.1,2020
35.96569521,-114.67221125,4,4,Human-Caused,Equipment and vehicle use,0.1,2020
35.92422526,-114.95461177,4,4,Human-Caused,Equipment and vehicle use,0.1,2020
35.93525526,-114.96861177,4,4,Human-Caused,Fireworks,0.1,2020
35.97873527,-114.96521178,4,4,Human-Caused,Debris and open burning,0.1,2020
35.87099527,-114.65001171,4,4,Human-Caused,Recreation and ceremony,0.1,2020
35.87643527,-114.73131172,4,4,Human-Caused,Equipment and vehicle use,0.1,2020
35.86714527,-114.66311171,4,4,Human-Caused,Debris and open burning,0.1,2020
35.80054527,-114.53421168,4,4,Human-Caused,Equipment and vehicle use,0.5,2020
