LATITUDE,LONGITUDE,Cluster_Basin,Cluster_NearShore_Label,Near_Shore_2km,Cause,Specific_Cause,Fire_Size_Acres,Fire_Year
39.00833333,-120.18333333,3,Not in near-shore subset,0,Human-Caused,Recreation and ceremony,0.1,2005
38.94111111,-120.05166667,1,1,1,Human-Caused,Recreation and ceremony,0.1,2005
38.85361111,-120.11166667,3,Not in near-shore subset,0,Natural,Lightning,0.25,2005
39.14111111,-120.16972222,3,3,1,Human-Caused,Other causes,0.1,2005
38.94,-120.04666667,1,1,1,Human-Caused,Recreation and ceremony,0.1,2005
38.94,-120.04666667,1,1,1,Human-Caused,Smoking,0.1,2005
38.94,-120.04666667,1,1,1,Human-Caused,Misuse of fire by a minor,0.1,2005
39.01333333,-120.13833333,3,3,1,Natural,Lightning,0.1,2005
38.945,-120.09916667,3,3,1,Human-Caused,Recreation and ceremony,0.1,2005
39.15111111,-119.93166667,2,2,1,Natural,Lightning,0.1,2005
39.23916667,-120.05833333,4,4,1,Human-Caused,Recreation and ceremony,0.1,2006
38.86972222,-119.9975,1,Not in near-shore subset,0,Natural,Lightning,0.1,2006
38.89888889,-119.97916667,1,Not in near-shore subset,0,Human-Caused,Arson/incendiarism,0.1,2006
39.04805556,-120.16555556,3,Not in near-shore subset,0,Human-Caused,Recreation and ceremony,0.1,2006
38.89611111,-120.05555556,1,Not in near-shore subset,0,Human-Caused,Debris and open burning,0.1,2006
38.94527778,-120.115,3,3,1,Human-Caused,Recreation and ceremony,0.1,2006
39.17222222,-119.92333333,2,2,1,Human-Caused,Equipment and vehicle use,0.1,2006
39.14166667,-119.92111111,2,2,1,Natural,Lightning,0.1,2006
38.85361111,-119.96083333,1,Not in near-shore subset,0,Natural,Lightning,0.5,2006
38.85194444,-120.07027778,1,Not in near-shore subset,0,Natural,Lightning,0.01,2006
38.88472222,-120.05722222,1,Not in near-shore subset,0,Human-Caused,Debris and open burning,0.1,2006
38.95027778,-119.95,1,1,1,Human-Caused,Smoking,0.1,2006
38.86027778,-119.98472222,1,Not in near-shore subset,0,Human-Caused,Recreation and ceremony,0.01,2006
38.92944444,-120.05444444,1,1,1,Human-Caused,Smoking,1.0,2006
38.89472222,-120.03166667,1,Not in near-shore subset,0,Human-Caused,Arson/incendiarism,0.1,2006
38.93027778,-120.11027778,3,Not in near-shore subset,0,Natural,Lightning,0.3,2006
39.1025,-120.20416667,3,Not in near-shore subset,0,Human-Caused,Recreation and ceremony,0.1,2006
39.23333333,-119.995,2,2,1,Natural,Lightning,0.01,2006
38.90111111,-120.00083333,1,Not in near-shore subset,0,Human-Caused,Arson/incendiarism,25.0,2006
38.94138889,-119.95416667,1,1,1,Human-Caused,Recreation and ceremony,0.01,2006
38.915,-120.0675,1,Not in near-shore subset,0,Human-Caused,Debris and open burning,5.2,2006
39.04027778,-120.13305556,3,3,1,Human-Caused,Recreation and ceremony,0.1,2006
39.00416667,-119.92777778,1,1,1,Human-Caused,Recreation and ceremony,1.0,2006
39.17166667,-120.15833333,4,4,1,Human-Caused,Smoking,0.1,2006
39.26,-120.035,4,Not in near-shore subset,0,Human-Caused,Smoking,0.1,2006
39.18166667,-120.03833333,4,Not in near-shore subset,0,Human-Caused,Smoking,0.1,2006
39.24944444,-120.00694444,4,4,1,Human-Caused,Recreation and ceremony,0.1,2006
38.91777778,-119.91722222,1,Not in near-shore subset,0,Human-Caused,Recreation and ceremony,0.1,2006
39.25694444,-120.05111111,4,4,1,Human-Caused,Recreation and ceremony,0.2,2006
39.0025,-120.1625,3,Not in near-shore subset,0,Human-Caused,Recreation and ceremony,0.1,2007
39.09861111,-119.90916667,2,Not in near-shore subset,0,Human-Caused,Recreation and ceremony,0.1,2007
38.96666667,-119.91055556,1,Not in near-shore subset,0,Human-Caused,Power generation/transmission/distribution,0.7,2007
39.11916667,-120.16055556,3,3,1,Human-Caused,Debris and open burning,0.25,2007
39.24972222,-120.00694444,4,4,1,Human-Caused,Recreation and ceremony,0.1,2007
39.18666667,-120.09138889,4,4,1,Human-Caused,Recreation and ceremony,0.1,2007
39.0025,-120.1625,3,Not in near-shore subset,0,Human-Caused,Recreation and ceremony,0.5,2007
38.85916667,-120.01277778,1,Not in near-shore subset,0,Human-Caused,Recreation and ceremony,0.1,2007
39.02555556,-119.90444444,2,Not in near-shore subset,0,Natural,Lightning,0.25,2007
38.86222222,-120.05194444,1,Not in near-shore subset,0,Human-Caused,Recreation and ceremony,3100.0,2007
39.10277778,-120.205,3,Not in near-shore subset,0,Human-Caused,Recreation and ceremony,0.1,2007
38.85972222,-120.10833333,3,Not in near-shore subset,0,Natural,Lightning,0.1,2007
38.95138889,-119.94111111,1,1,1,Human-Caused,Recreation and ceremony,0.1,2007
38.95777778,-119.93472222,1,1,1,Human-Caused,Recreation and ceremony,0.1,2007
38.96222222,-120.08027778,3,3,1,Human-Caused,Recreation and ceremony,0.1,2007
38.85722222,-120.00888889,1,Not in near-shore subset,0,Human-Caused,Recreation and ceremony,0.1,2007
39.14416667,-120.15722222,3,3,1,Human-Caused,Other causes,20.2,2007
39.04805556,-120.16277778,3,Not in near-shore subset,0,Human-Caused,Recreation and ceremony,0.1,2007
38.93111111,-119.97638889,1,1,1,Human-Caused,Smoking,0.25,2007
39.25777778,-120.03833333,4,Not in near-shore subset,0,Human-Caused,Recreation and ceremony,0.25,2007
38.95222222,-119.93861111,1,1,1,Human-Caused,Smoking,0.25,2007
39.24944444,-120.00666667,4,4,1,Human-Caused,Recreation and ceremony,0.1,2007
38.90805556,-119.99166667,1,Not in near-shore subset,0,Human-Caused,Equipment and vehicle use,0.1,2007
39.08833333,-120.22916667,3,Not in near-shore subset,0,Natural,Lightning,0.1,2007
39.24972222,-120.00583333,4,4,1,Human-Caused,Recreation and ceremony,0.1,2007
39.12888889,-119.945,2,2,1,Human-Caused,Recreation and ceremony,0.1,2007
38.9375,-120.1125,3,3,1,Human-Caused,Recreation and ceremony,0.1,2007
38.88388889,-120.03444444,1,Not in near-shore subset,0,Human-Caused,Power generation/transmission/distribution,0.1,2007
38.86777778,-119.99222222,1,Not in near-shore subset,0,Human-Caused,Arson/incendiarism,0.1,2007
38.88277778,-120.12555556,3,Not in near-shore subset,0,Human-Caused,Recreation and ceremony,0.1,2007
39.09861111,-120.21166667,3,Not in near-shore subset,0,Human-Caused,Recreation and ceremony,0.1,2007
38.95916667,-120.09694444,3,3,1,Human-Caused,Recreation and ceremony,0.1,2007
39.22805556,-120.00638889,4,4,1,Human-Caused,Debris and open burning,0.2,2007
39.24277778,-120.01138889,4,4,1,Human-Caused,Recreation and ceremony,0.1,2007
38.87527778,-119.99388889,1,Not in near-shore subset,0,Human-Caused,Misuse of fire by a minor,0.25,2007
39.24972222,-120.00583333,4,4,1,Human-Caused,Recreation and ceremony,0.1,2007
39.05416667,-120.13083333,3,3,1,Human-Caused,Recreation and ceremony,0.1,2007
39.18083333,-120.14972222,4,4,1,Human-Caused,Recreation and ceremony,0.1,2007
38.89305556,-120.11666667,3,Not in near-shore subset,0,Human-Caused,Recreation and ceremony,0.1,2007
38.92388889,-120.03194444,1,1,1,Human-Caused,Recreation and ceremony,0.1,2007
38.87083333,-119.95472222,1,Not in near-shore subset,0,Natural,Lightning,0.1,2007
39.25888889,-120.03555556,4,Not in near-shore subset,0,Human-Caused,Recreation and ceremony,0.1,2007
39.21083333,-120.09722222,4,4,1,Human-Caused,Other causes,0.1,2007
38.93805556,-119.93861111,1,Not in near-shore subset,0,Human-Caused,Other causes,0.1,2007
38.93666667,-120.02361111,1,1,1,Human-Caused,Recreation and ceremony,0.1,2008
39.18138889,-120.11527778,4,4,1,Human-Caused,Recreation and ceremony,0.1,2008
38.91166667,-119.99111111,1,Not in near-shore subset,0,Human-Caused,Arson/incendiarism,0.1,2008
38.97444444,-119.92361111,1,Not in near-shore subset,0,Human-Caused,Arson/incendiarism,0.1,2008
39.24083333,-120.01555556,4,4,1,Human-Caused,Debris and open burning,0.1,2008
39.24972222,-120.00666667,4,4,1,Human-Caused,Recreation and ceremony,0.1,2008
39.00972222,-119.89166667,1,Not in near-shore subset,0,Human-Caused,Recreation and ceremony,0.1,2008
38.87111111,-120.11027778,1,Not in near-shore subset,0,Human-Caused,Recreation and ceremony,0.2,2008
39.11055556,-120.16555556,3,3,1,Human-Caused,Recreation and ceremony,0.1,2008
39.26972222,-119.93555556,2,Not in near-shore subset,0,Human-Caused,Recreation and ceremony,0.1,2008
39.24861111,-120.05166667,4,4,1,Human-Caused,Power generation/transmission/distribution,0.1,2008
38.88722222,-119.9775,1,Not in near-shore subset,0,Human-Caused,Recreation and ceremony,0.1,2008
39.04972222,-120.11361111,3,3,1,Human-Caused,Recreation and ceremony,0.1,2008
39.26027778,-119.98194444,4,4,1,Human-Caused,Misuse of fire by a minor,0.1,2008
39.165,-120.1475,4,4,1,Human-Caused,Recreation and ceremony,0.1,2008
39.24944444,-120.00638889,4,4,1,Human-Caused,Recreation and ceremony,0.1,2008
38.86277778,-119.96055556,1,Not in near-shore subset,0,Human-Caused,Recreation and ceremony,0.1,2008
38.92555556,-120.05527778,1,1,1,Human-Caused,Recreation and ceremony,0.1,2008
38.89666667,-119.94916667,1,Not in near-shore subset,0,Human-Caused,Arson/incendiarism,0.1,2008
38.88722222,-120.12638889,3,Not in near-shore subset,0,Human-Caused,Recreation and ceremony,0.1,2008
39.24972222,-120.00666667,4,4,1,Human-Caused,Recreation and ceremony,0.1,2008
38.9325,-119.97722222,1,1,1,Human-Caused,Recreation and ceremony,0.1,2008
38.85416667,-120.03444444,1,Not in near-shore subset,0,Human-Caused,Debris and open burning,0.1,2008
39.22444444,-120.13944444,4,Not in near-shore subset,0,Human-Caused,Recreation and ceremony,0.1,2008
39.31472222,-119.94555556,2,Not in near-shore subset,0,Natural,Lightning,0.1,2009
38.86777778,-120.06361111,1,Not in near-shore subset,0,Human-Caused,Arson/incendiarism,0.1,2009
38.95,-120.08,1,3,1,Human-Caused,Debris and open burning,0.1,2009
38.99388889,-119.89083333,1,Not in near-shore subset,0,Human-Caused,Recreation and ceremony,0.1,2009
39.22361111,-120.13777778,4,Not in near-shore subset,0,Human-Caused,Recreation and ceremony,0.1,2009
39.22361111,-120.13777778,4,Not in near-shore subset,0,Human-Caused,Recreation and ceremony,0.1,2009
39.21861111,-120.14,4,Not in near-shore subset,0,Human-Caused,Recreation and ceremony,0.1,2009
39.21888889,-120.14,4,Not in near-shore subset,0,Human-Caused,Recreation and ceremony,0.1,2009
39.24944444,-120.00666667,4,4,1,Human-Caused,Recreation and ceremony,0.1,2009
39.11055556,-120.16555556,3,3,1,Human-Caused,Recreation and ceremony,0.1,2009
39.24861111,-120.05333333,4,4,1,Human-Caused,Recreation and ceremony,0.1,2009
39.24277778,-120.11111111,4,Not in near-shore subset,0,Human-Caused,Recreation and ceremony,0.1,2009
38.87555556,-120.08166667,1,Not in near-shore subset,0,Human-Caused,Recreation and ceremony,0.1,2009
39.25166667,-120.05194444,4,4,1,Human-Caused,Recreation and ceremony,0.1,2009
39.25083333,-120.03472222,4,4,1,Human-Caused,Power generation/transmission/distribution,0.1,2009
39.01555556,-119.94972222,1,1,1,Human-Caused,Smoking,0.1,2009
38.92555556,-120.06944444,1,1,1,Human-Caused,Recreation and ceremony,0.1,2009
39.24972222,-120.00666667,4,4,1,Human-Caused,Recreation and ceremony,0.1,2009
38.90472222,-120.04805556,1,Not in near-shore subset,0,Human-Caused,Recreation and ceremony,0.5,2009
38.93444444,-120.04472222,1,1,1,Human-Caused,Power generation/transmission/distribution,0.1,2009
39.24972222,-120.00666667,4,4,1,Human-Caused,Recreation and ceremony,0.1,2009
39.24972222,-120.00666667,4,4,1,Human-Caused,Recreation and ceremony,0.1,2009
39.23277778,-119.89972222,2,Not in near-shore subset,0,Human-Caused,Recreation and ceremony,0.1,2009
39.18055556,-120.09388889,4,4,1,Human-Caused,Recreation and ceremony,0.1,2009
38.92166667,-120.08138889,1,Not in near-shore subset,0,Human-Caused,Recreation and ceremony,0.1,2009
38.86861111,-119.99583333,1,Not in near-shore subset,0,Human-Caused,Power generation/transmission/distribution,0.1,2009
39.23833333,-120.04027778,4,4,1,Human-Caused,Recreation and ceremony,0.1,2009
38.9,-120.005,1,Not in near-shore subset,0,Human-Caused,Recreation and ceremony,0.1,2009
39.24972222,-120.00666667,4,4,1,Human-Caused,Recreation and ceremony,0.1,2009
39.23194444,-120.11833333,4,Not in near-shore subset,0,Human-Caused,Smoking,0.1,2009
39.04055556,-120.16555556,3,Not in near-shore subset,0,Human-Caused,Recreation and ceremony,0.25,2009
39.24972222,-120.00666667,4,4,1,Human-Caused,Recreation and ceremony,0.1,2009
39.15,-119.93138889,2,2,1,Human-Caused,Arson/incendiarism,0.2,2009
39.24972222,-120.00666667,4,4,1,Human-Caused,Recreation and ceremony,0.1,2009
38.98694444,-120.15305556,3,Not in near-shore subset,0,Human-Caused,Recreation and ceremony,0.1,2009
38.97277778,-119.93166667,1,1,1,Human-Caused,Recreation and ceremony,0.1,2009
38.85416667,-120.03,1,Not in near-shore subset,0,Human-Caused,Recreation and ceremony,0.1,2009
39.06138889,-120.15888889,3,3,1,Human-Caused,Arson/incendiarism,0.1,2009
38.95388889,-119.93305556,1,1,1,Human-Caused,Recreation and ceremony,0.3,2009
39.14694444,-120.17666667,3,Not in near-shore subset,0,Human-Caused,Recreation and ceremony,0.1,2009
38.86277778,-120.02527778,1,Not in near-shore subset,0,Human-Caused,Arson/incendiarism,0.1,2009
38.93416667,-119.99111111,1,1,1,Human-Caused,Arson/incendiarism,1.0,2009
38.99,-119.94,1,1,1,Human-Caused,Arson/incendiarism,0.1,1992
38.91666667,-119.94,1,Not in near-shore subset,0,Natural,Lightning,0.3,1992
38.94666667,-119.90666667,1,Not in near-shore subset,0,Natural,Lightning,0.1,1992
39.16333333,-119.925,2,2,1,Human-Caused,Recreation and ceremony,0.1,1992
39.05,-119.91666667,2,Not in near-shore subset,0,Natural,Lightning,0.3,1992
38.87166667,-119.99666667,1,Not in near-shore subset,0,Human-Caused,Equipment and vehicle use,0.1,1992
39.05,-119.91666667,2,Not in near-shore subset,0,Natural,Lightning,0.1,1992
38.88666667,-119.95833333,1,Not in near-shore subset,0,Natural,Lightning,0.1,1992
38.975,-119.94333333,1,1,1,Human-Caused,Recreation and ceremony,0.1,1992
38.96166667,-119.94333333,1,1,1,Human-Caused,Smoking,0.1,1992
38.87166667,-119.95833333,1,Not in near-shore subset,0,Natural,Lightning,0.1,1992
38.96833333,-119.99666667,1,Not in near-shore subset,0,Natural,Lightning,0.5,1992
38.90166667,-120.03333333,1,Not in near-shore subset,0,Human-Caused,Smoking,0.1,1992
38.90166667,-120.03333333,1,Not in near-shore subset,0,Natural,Lightning,0.1,1992
38.91666667,-120.03333333,1,Not in near-shore subset,0,Human-Caused,Smoking,0.1,1992
38.85833333,-120.10833333,3,Not in near-shore subset,0,Natural,Lightning,0.1,1992
38.91666667,-120.03333333,1,Not in near-shore subset,0,Human-Caused,Smoking,0.1,1992
38.91666667,-120.03333333,1,Not in near-shore subset,0,Human-Caused,Smoking,0.1,1992
38.91666667,-119.94,1,Not in near-shore subset,0,Human-Caused,Smoking,0.1,1992
39.01666667,-120.11666667,3,3,1,Human-Caused,Smoking,0.1,1992
38.94666667,-120.125,3,3,1,Natural,Lightning,0.1,1992
38.94666667,-120.14333333,3,Not in near-shore subset,0,Natural,Lightning,0.1,1992
38.92333333,-120.025,1,1,1,Human-Caused,Recreation and ceremony,0.1,1992
38.94666667,-119.94333333,1,1,1,Human-Caused,Smoking,0.1,1992
38.94666667,-120.10666667,3,3,1,Human-Caused,Recreation and ceremony,0.1,1992
39.03333333,-120.18,3,Not in near-shore subset,0,Natural,Lightning,0.1,1992
39.19333333,-119.99833333,4,Not in near-shore subset,0,Human-Caused,Arson/incendiarism,0.3,1992
39.19333333,-120.11333333,4,4,1,Human-Caused,Misuse of fire by a minor,0.2,1992
39.23666667,-120.05666667,4,4,1,Human-Caused,Misuse of fire by a minor,1.0,1992
39.23666667,-120.075,4,2,1,Natural,Lightning,0.1,1992
39.20833333,-120.03833333,2,Not in near-shore subset,0,Natural,Lightning,0.2,1992
39.09,-120.21666667,3,Not in near-shore subset,0,Human-Caused,Recreation and ceremony,0.1,1992
39.06166667,-120.16166667,3,3,1,Human-Caused,Smoking,0.1,1992
39.22333333,-120.09333333,4,4,1,Human-Caused,Smoking,0.1,1992
39.23666667,-120.075,4,4,1,Human-Caused,Misuse of fire by a minor,1.0,1992
39.13333333,-120.19833333,3,Not in near-shore subset,0,Natural,Lightning,0.1,1992
39.28,-119.96333333,2,Not in near-shore subset,0,Natural,Lightning,0.1,1992
39.20833333,-120.09333333,4,4,1,Human-Caused,Smoking,0.1,1992
39.19333333,-120.09333333,4,4,1,Human-Caused,Arson/incendiarism,0.1,1992
39.01833333,-120.18,3,Not in near-shore subset,0,Natural,Lightning,0.5,1992
39.22333333,-120.09333333,4,4,1,Human-Caused,Smoking,0.1,1993
39.23666667,-120.075,4,4,1,Human-Caused,Misuse of fire by a minor,0.1,1993
39.14166667,-119.89166667,2,Not in near-shore subset,0,Natural,Lightning,0.1,1994
38.9,-119.95,1,Not in near-shore subset,0,Human-Caused,Misuse of fire by a minor,0.1,1994
39.23666667,-120.09333333,4,4,1,Human-Caused,Debris and open burning,0.1,1994
38.93166667,-120.08833333,3,Not in near-shore subset,0,Human-Caused,Debris and open burning,0.1,1994
38.85833333,-120.015,1,Not in near-shore subset,0,Human-Caused,Smoking,0.1,1994
39.22333333,-120.09333333,4,4,1,Human-Caused,Debris and open burning,0.1,1994
38.87166667,-119.97666667,1,Not in near-shore subset,0,Human-Caused,Recreation and ceremony,0.2,1994
38.87166667,-120.09,1,Not in near-shore subset,0,Human-Caused,Recreation and ceremony,0.1,1994
38.91666667,-120.145,3,Not in near-shore subset,0,Human-Caused,Smoking,0.1,1994
38.90166667,-120.015,1,Not in near-shore subset,0,Human-Caused,Smoking,0.1,1994
38.93166667,-120.05166667,1,1,1,Human-Caused,Smoking,0.1,1994
38.87166667,-119.95833333,1,Not in near-shore subset,0,Human-Caused,Recreation and ceremony,0.1,1994
38.91666667,-120.145,3,Not in near-shore subset,0,Human-Caused,Smoking,0.1,1994
39.01833333,-119.99833333,1,Not in near-shore subset,0,Human-Caused,Recreation and ceremony,0.5,1994
38.91666667,-119.97666667,1,Not in near-shore subset,0,Human-Caused,Smoking,0.1,1994
38.91666667,-120.03333333,1,Not in near-shore subset,0,Human-Caused,Smoking,0.1,1994
38.93166667,-120.08833333,3,Not in near-shore subset,0,Human-Caused,Smoking,0.3,1994
39.26666667,-120.03833333,4,Not in near-shore subset,0,Human-Caused,Recreation and ceremony,0.1,1994
38.93166667,-120.05166667,1,1,1,Human-Caused,Recreation and ceremony,0.1,1994
38.94666667,-120.10666667,3,3,1,Human-Caused,Recreation and ceremony,0.1,1994
38.94666667,-120.10666667,3,3,1,Human-Caused,Recreation and ceremony,0.1,1994
39.13333333,-120.19833333,3,Not in near-shore subset,0,Human-Caused,Recreation and ceremony,0.6,1994
38.85833333,-120.015,1,Not in near-shore subset,0,Human-Caused,Smoking,0.1,1994
38.88666667,-120.03333333,1,Not in near-shore subset,0,Human-Caused,Smoking,0.1,1994
38.885,-119.925,1,Not in near-shore subset,0,Natural,Lightning,0.1,1994
39.15,-119.925,2,2,1,Human-Caused,Smoking,0.3,1994
38.975,-119.94333333,1,2,1,Natural,Lightning,0.1,1994
38.91666667,-120.015,1,Not in near-shore subset,0,Human-Caused,Misuse of fire by a minor,0.1,1994
38.90166667,-120.015,1,Not in near-shore subset,0,Human-Caused,Recreation and ceremony,0.1,1994
39.17666667,-120.14333333,4,4,1,Human-Caused,Smoking,0.3,1994
39.16333333,-120.14333333,4,4,1,Human-Caused,Smoking,0.1,1994
39.04666667,-120.18,3,Not in near-shore subset,0,Human-Caused,Equipment and vehicle use,0.1,1994
38.91666667,-120.03333333,1,Not in near-shore subset,0,Human-Caused,Smoking,0.3,1994
39.20833333,-120.15,4,Not in near-shore subset,0,Human-Caused,Equipment and vehicle use,0.1,1994
38.90166667,-120.015,1,Not in near-shore subset,0,Human-Caused,Recreation and ceremony,0.1,1994
38.91666667,-120.015,1,Not in near-shore subset,0,Human-Caused,Smoking,0.1,1994
38.975,-119.925,1,Not in near-shore subset,0,Human-Caused,Arson/incendiarism,0.1,1994
39.09166667,-119.90666667,2,Not in near-shore subset,0,Human-Caused,Arson/incendiarism,0.1,1994
38.90166667,-119.95833333,1,Not in near-shore subset,0,Human-Caused,Misuse of fire by a minor,0.1,1994
38.87166667,-120.015,1,Not in near-shore subset,0,Human-Caused,Arson/incendiarism,0.1,1994
38.91666667,-120.015,1,Not in near-shore subset,0,Human-Caused,Recreation and ceremony,0.1,1994
38.96166667,-119.94333333,1,1,1,Human-Caused,Misuse of fire by a minor,0.1,1994
38.91666667,-120.015,1,Not in near-shore subset,0,Human-Caused,Smoking,0.1,1994
38.96166667,-119.90666667,1,Not in near-shore subset,0,Human-Caused,Smoking,0.1,1994
38.94666667,-119.99833333,1,1,1,Human-Caused,Smoking,0.1,1994
39.00333333,-120.10666667,3,3,1,Human-Caused,Smoking,0.1,1994
38.91666667,-119.97666667,1,Not in near-shore subset,0,Human-Caused,Smoking,0.1,1994
38.85833333,-119.95833333,1,Not in near-shore subset,0,Human-Caused,Recreation and ceremony,0.1,1994
38.91666667,-120.05166667,1,Not in near-shore subset,0,Human-Caused,Smoking,0.3,1994
39.16333333,-120.14333333,4,4,1,Human-Caused,Recreation and ceremony,0.1,1994
39.01833333,-119.99833333,1,Not in near-shore subset,0,Human-Caused,Smoking,0.1,1994
39.25166667,-120.03833333,4,4,1,Human-Caused,Smoking,0.1,1994
38.91666667,-120.03333333,1,Not in near-shore subset,0,Human-Caused,Smoking,0.1,1994
38.91666667,-119.97666667,1,Not in near-shore subset,0,Human-Caused,Misuse of fire by a minor,1.0,1994
38.91666667,-120.05166667,1,Not in near-shore subset,0,Human-Caused,Smoking,0.1,1994
38.87166667,-119.97666667,1,Not in near-shore subset,0,Human-Caused,Smoking,0.1,1994
38.91666667,-120.145,3,Not in near-shore subset,0,Human-Caused,Smoking,0.1,1994
39.19333333,-120.09333333,4,4,1,Human-Caused,Misuse of fire by a minor,0.1,1994
39.265,-120.0,4,4,1,Human-Caused,Recreation and ceremony,0.1,1994
38.88666667,-120.015,1,Not in near-shore subset,0,Human-Caused,Misuse of fire by a minor,0.3,1994
39.005,-119.94333333,2,2,1,Natural,Lightning,0.1,1994
38.885,-119.945,1,Not in near-shore subset,0,Natural,Lightning,0.1,1994
38.885,-119.945,1,Not in near-shore subset,0,Natural,Lightning,0.3,1994
39.03666667,-119.92166667,2,Not in near-shore subset,0,Natural,Lightning,0.1,1994
38.91666667,-119.97666667,1,Not in near-shore subset,0,Natural,Lightning,0.1,1994
38.975,-119.90666667,2,Not in near-shore subset,0,Natural,Lightning,0.1,1994
39.12666667,-119.91166667,2,Not in near-shore subset,0,Natural,Lightning,0.1,1994
39.25166667,-120.05666667,4,4,1,Human-Caused,Recreation and ceremony,0.1,1994
38.90166667,-120.09,3,Not in near-shore subset,0,Natural,Lightning,0.1,1995
38.88666667,-119.97666667,1,Not in near-shore subset,0,Human-Caused,Recreation and ceremony,0.1,1995
38.90166667,-120.03333333,1,Not in near-shore subset,0,Human-Caused,Debris and open burning,0.1,1995
39.22333333,-120.09333333,4,4,1,Human-Caused,Debris and open burning,0.1,1995
38.88666667,-120.03333333,1,Not in near-shore subset,0,Human-Caused,Debris and open burning,0.1,1995
38.99,-119.94333333,1,1,1,Human-Caused,Misuse of fire by a minor,0.2,1995
38.91666667,-120.07,1,Not in near-shore subset,0,Human-Caused,Smoking,0.1,1995
38.85833333,-119.99666667,1,Not in near-shore subset,0,Human-Caused,Debris and open burning,0.1,1995
38.91666667,-119.89166667,1,Not in near-shore subset,0,Human-Caused,Smoking,0.1,1995
38.90166667,-119.97666667,1,Not in near-shore subset,0,Human-Caused,Equipment and vehicle use,0.1,1995
39.25166667,-120.03833333,4,4,1,Human-Caused,Smoking,0.1,1995
38.88666667,-119.97666667,1,Not in near-shore subset,0,Human-Caused,Misuse of fire by a minor,0.1,1995
38.96166667,-119.94166667,1,1,1,Human-Caused,Recreation and ceremony,0.1,1995
39.005,-119.94333333,1,1,1,Human-Caused,Recreation and ceremony,0.1,1995
38.91666667,-119.95833333,1,Not in near-shore subset,0,Human-Caused,Debris and open burning,0.1,1995
39.19333333,-120.11333333,4,4,1,Human-Caused,Misuse of fire by a minor,0.1,1995
38.88666667,-120.05166667,1,Not in near-shore subset,0,Human-Caused,Equipment and vehicle use,0.1,1995
38.93166667,-120.08833333,3,Not in near-shore subset,0,Human-Caused,Smoking,0.1,1995
38.94666667,-119.94333333,1,1,1,Human-Caused,Smoking,0.1,1995
39.17666667,-120.19833333,4,Not in near-shore subset,0,Human-Caused,Smoking,0.1,1995
38.85833333,-120.09,1,Not in near-shore subset,0,Human-Caused,Misuse of fire by a minor,0.1,1995
39.17666667,-120.14333333,4,4,1,Human-Caused,Recreation and ceremony,2.0,1995
38.87166667,-119.99666667,1,Not in near-shore subset,0,Human-Caused,Smoking,0.1,1995
39.01833333,-119.99833333,1,Not in near-shore subset,0,Human-Caused,Equipment and vehicle use,0.2,1995
39.04666667,-120.16166667,3,Not in near-shore subset,0,Human-Caused,Recreation and ceremony,0.1,1995
39.06166667,-120.14333333,3,3,1,Human-Caused,Misuse of fire by a minor,0.1,1995
39.23666667,-120.0,4,4,1,Human-Caused,Smoking,0.1,1995
39.265,-119.90833333,2,Not in near-shore subset,0,Human-Caused,Recreation and ceremony,0.1,1995
38.94666667,-120.08833333,3,3,1,Human-Caused,Recreation and ceremony,0.2,1995
39.12,-119.925,2,2,1,Human-Caused,Smoking,0.1,1995
39.06166667,-119.94333333,2,1,1,Human-Caused,Recreation and ceremony,0.1,1995
38.91666667,-120.15,3,Not in near-shore subset,0,Human-Caused,Recreation and ceremony,0.1,1995
39.25166667,-120.05666667,4,4,1,Human-Caused,Recreation and ceremony,0.1,1995
39.13333333,-119.89666667,2,Not in near-shore subset,0,Human-Caused,Recreation and ceremony,0.1,1995
38.875,-119.88333333,1,Not in near-shore subset,0,Human-Caused,Recreation and ceremony,0.1,1995
39.00333333,-120.125,3,3,1,Human-Caused,Recreation and ceremony,0.1,1995
38.90166667,-119.94,1,Not in near-shore subset,0,Human-Caused,Recreation and ceremony,0.1,1995
39.26666667,-120.05666667,4,Not in near-shore subset,0,Human-Caused,Smoking,0.1,1995
39.06166667,-120.14333333,3,3,1,Human-Caused,Misuse of fire by a minor,0.1,1995
38.87333333,-119.89,1,Not in near-shore subset,0,Human-Caused,Recreation and ceremony,0.1,1995
39.03333333,-120.125,3,3,1,Human-Caused,Debris and open burning,105.0,1995
39.06166667,-120.125,3,3,1,Human-Caused,Debris and open burning,40.0,1995
38.91666667,-119.99666667,1,Not in near-shore subset,0,Human-Caused,Smoking,0.1,1996
39.04833333,-119.925,2,2,1,Natural,Lightning,0.1,1996
39.105,-120.19833333,3,Not in near-shore subset,0,Human-Caused,Recreation and ceremony,0.1,1996
39.05666667,-119.93,2,2,1,Natural,Lightning,0.1,1996
39.265,-120.0,4,4,1,Human-Caused,Recreation and ceremony,0.3,1996
38.90166667,-120.07,1,Not in near-shore subset,0,Human-Caused,Recreation and ceremony,0.1,1996
39.14833333,-120.18,3,Not in near-shore subset,0,Human-Caused,Smoking,0.1,1996
38.975,-119.925,1,Not in near-shore subset,0,Human-Caused,Recreation and ceremony,0.1,1996
39.25166667,-120.03833333,4,4,1,Human-Caused,Smoking,0.1,1996
39.195,-120.16833333,4,Not in near-shore subset,0,Natural,Lightning,0.1,1996
38.87166667,-119.94,1,Not in near-shore subset,0,Natural,Lightning,0.1,1996
39.17666667,-120.18,3,Not in near-shore subset,0,Natural,Lightning,0.1,1996
39.22333333,-120.13166667,4,Not in near-shore subset,0,Natural,Lightning,0.1,1996
38.87166667,-120.09,1,Not in near-shore subset,0,Natural,Lightning,0.1,1996
39.27666667,-119.95666667,2,Not in near-shore subset,0,Natural,Lightning,0.1,1996
39.23666667,-120.05666667,4,4,1,Human-Caused,Smoking,0.1,1996
38.87166667,-120.09,1,Not in near-shore subset,0,Human-Caused,Smoking,0.2,1996
38.99,-119.90666667,2,Not in near-shore subset,0,Natural,Lightning,1.5,1996
38.96166667,-119.94333333,1,1,1,Human-Caused,Misuse of fire by a minor,0.1,1996
38.87166667,-119.99666667,1,Not in near-shore subset,0,Human-Caused,Recreation and ceremony,0.1,1996
39.19333333,-120.11333333,4,4,1,Human-Caused,Smoking,0.1,1996
38.91666667,-120.05166667,1,Not in near-shore subset,0,Human-Caused,Smoking,0.1,1996
39.00333333,-120.10666667,3,3,1,Human-Caused,Recreation and ceremony,0.1,1996
39.04666667,-120.14333333,3,Not in near-shore subset,0,Human-Caused,Debris and open burning,3.0,1996
39.20833333,-120.16833333,4,Not in near-shore subset,0,Natural,Lightning,0.1,1996
38.94666667,-119.925,1,Not in near-shore subset,0,Human-Caused,Recreation and ceremony,0.1,1996
38.85833333,-120.05166667,1,Not in near-shore subset,0,Human-Caused,Debris and open burning,0.1,1996
39.25166667,-120.03833333,4,4,1,Human-Caused,Misuse of fire by a minor,0.1,1996
39.14833333,-120.16166667,3,3,1,Human-Caused,Recreation and ceremony,0.1,1996
38.94666667,-119.94333333,1,1,1,Human-Caused,Recreation and ceremony,0.1,1996
38.93166667,-120.08833333,3,Not in near-shore subset,0,Human-Caused,Power generation/transmission/distribution,0.1,1996
39.13333333,-120.21666667,3,Not in near-shore subset,0,Natural,Lightning,0.1,1996
39.27,-120.01666667,4,Not in near-shore subset,0,Human-Caused,Smoking,0.1,1996
39.26666667,-120.03833333,4,Not in near-shore subset,0,Human-Caused,Smoking,0.1,1996
39.22333333,-120.05666667,4,4,1,Human-Caused,Misuse of fire by a minor,0.1,1996
38.91666667,-119.95833333,1,Not in near-shore subset,0,Human-Caused,Misuse of fire by a minor,0.2,1997
38.91666667,-120.03333333,1,Not in near-shore subset,0,Human-Caused,Misuse of fire by a minor,0.2,1997
39.07666667,-119.90666667,2,Not in near-shore subset,0,Natural,Lightning,0.1,1997
39.28,-119.945,2,Not in near-shore subset,0,Natural,Lightning,0.1,1997
39.01833333,-120.125,3,3,1,Natural,Lightning,0.1,1997
38.88666667,-120.015,1,Not in near-shore subset,0,Human-Caused,Recreation and ceremony,2.0,1997
39.20833333,-120.09333333,4,4,1,Human-Caused,Smoking,0.1,1997
39.23666667,-120.05666667,4,4,1,Human-Caused,Smoking,0.1,1997
39.14833333,-120.16166667,3,3,1,Human-Caused,Misuse of fire by a minor,0.1,1997
38.99,-119.94333333,1,1,1,Human-Caused,Fireworks,0.3,1997
39.105,-120.16166667,3,3,1,Human-Caused,Smoking,0.1,1997
38.91666667,-120.145,3,Not in near-shore subset,0,Human-Caused,Smoking,0.1,1997
39.0,-119.925,2,Not in near-shore subset,0,Natural,Lightning,0.3,1997
38.91666667,-120.145,3,Not in near-shore subset,0,Human-Caused,Misuse of fire by a minor,0.1,1997
39.25166667,-120.03833333,4,4,1,Human-Caused,Smoking,0.1,1997
38.91666667,-119.97666667,1,Not in near-shore subset,0,Human-Caused,Recreation and ceremony,0.1,1997
39.06166667,-120.125,3,3,1,Human-Caused,Misuse of fire by a minor,0.1,1997
39.06166667,-120.125,3,3,1,Human-Caused,Misuse of fire by a minor,0.1,1997
38.91666667,-119.97666667,1,Not in near-shore subset,0,Natural,Lightning,0.1,1997
38.88333333,-120.05166667,1,Not in near-shore subset,0,Natural,Lightning,0.1,1997
38.91666667,-119.94,1,Not in near-shore subset,0,Human-Caused,Equipment and vehicle use,0.1,1997
39.135,-119.94333333,2,2,1,Human-Caused,Debris and open burning,0.1,1997
39.19333333,-120.09333333,4,4,1,Human-Caused,Recreation and ceremony,0.1,1997
38.85833333,-120.015,1,Not in near-shore subset,0,Human-Caused,Misuse of fire by a minor,0.1,1997
38.96166667,-119.94333333,1,1,1,Human-Caused,Misuse of fire by a minor,0.1,1997
38.91666667,-120.07,1,Not in near-shore subset,0,Human-Caused,Recreation and ceremony,0.1,1997
38.87166667,-119.94,1,Not in near-shore subset,0,Natural,Lightning,0.1,1997
38.86166667,-120.09833333,1,Not in near-shore subset,0,Natural,Lightning,0.1,1997
38.91666667,-120.145,3,Not in near-shore subset,0,Human-Caused,Recreation and ceremony,0.5,1997
38.85833333,-120.015,1,Not in near-shore subset,0,Human-Caused,Smoking,0.1,1997
39.22333333,-120.13166667,4,Not in near-shore subset,0,Human-Caused,Recreation and ceremony,0.1,1997
38.93166667,-120.05166667,1,1,1,Human-Caused,Smoking,0.1,1997
38.87166667,-119.94,1,Not in near-shore subset,0,Human-Caused,Smoking,0.1,1997
39.23666667,-120.0,4,4,1,Human-Caused,Misuse of fire by a minor,0.1,1997
38.90166667,-120.09,1,Not in near-shore subset,0,Human-Caused,Debris and open burning,0.5,1997
38.95,-119.9,1,Not in near-shore subset,0,Human-Caused,Recreation and ceremony,2.0,1997
38.88666667,-120.03333333,1,Not in near-shore subset,0,Human-Caused,Smoking,0.1,1997
39.25,-120.0,4,4,1,Human-Caused,Smoking,0.1,1997
38.85833333,-120.03333333,1,Not in near-shore subset,0,Human-Caused,Smoking,0.1,1997
39.28333333,-119.95,2,Not in near-shore subset,0,Natural,Lightning,0.1,1997
38.87166667,-119.95833333,1,Not in near-shore subset,0,Human-Caused,Arson/incendiarism,0.1,1997
38.91666667,-120.03333333,1,Not in near-shore subset,0,Human-Caused,Smoking,0.5,1997
38.975,-119.94333333,1,1,1,Human-Caused,Recreation and ceremony,0.1,1997
39.16333333,-120.16166667,4,4,1,Human-Caused,Recreation and ceremony,0.1,1997
38.88666667,-120.12666667,3,Not in near-shore subset,0,Human-Caused,Recreation and ceremony,0.1,1997
39.06166667,-120.125,3,3,1,Human-Caused,Smoking,0.1,1997
38.96,-120.08833333,3,3,1,Human-Caused,Smoking,0.1,1997
39.17666667,-120.18,3,Not in near-shore subset,0,Natural,Lightning,0.1,1997
39.01833333,-119.925,1,Not in near-shore subset,0,Human-Caused,Misuse of fire by a minor,0.1,1997
38.85833333,-119.99666667,1,Not in near-shore subset,0,Human-Caused,Recreation and ceremony,0.1,1997
39.19333333,-120.11333333,4,4,1,Human-Caused,Smoking,0.1,1997
39.01833333,-120.125,3,3,1,Natural,Lightning,0.1,1997
38.88833333,-119.98333333,1,Not in near-shore subset,0,Human-Caused,Smoking,0.1,1998
38.94666667,-120.08833333,3,3,1,Human-Caused,Debris and open burning,0.1,1998
38.88666667,-120.015,1,Not in near-shore subset,0,Human-Caused,Recreation and ceremony,0.1,1998
38.88833333,-119.98333333,1,Not in near-shore subset,0,Natural,Lightning,0.1,1998
38.90166667,-120.12666667,3,Not in near-shore subset,0,Human-Caused,Recreation and ceremony,0.1,1998
38.925,-120.15666667,3,Not in near-shore subset,0,Human-Caused,Recreation and ceremony,0.1,1998
39.025,-120.15666667,3,Not in near-shore subset,0,Human-Caused,Recreation and ceremony,0.1,1998
38.87,-119.90333333,1,Not in near-shore subset,0,Human-Caused,Recreation and ceremony,0.1,1998
38.855,-119.92166667,1,Not in near-shore subset,0,Human-Caused,Recreation and ceremony,0.1,1998
38.91666667,-119.92166667,1,Not in near-shore subset,0,Human-Caused,Misuse of fire by a minor,0.1,1998
38.85833333,-120.015,1,Not in near-shore subset,0,Human-Caused,Smoking,0.1,1998
38.87,-119.92166667,1,Not in near-shore subset,0,Human-Caused,Recreation and ceremony,0.1,1998
38.925,-119.92166667,1,Not in near-shore subset,0,Human-Caused,Smoking,0.2,1998
38.885,-119.92166667,1,Not in near-shore subset,0,Human-Caused,Recreation and ceremony,0.8,1998
38.92333333,-119.95666667,1,Not in near-shore subset,0,Human-Caused,Smoking,0.1,1998
39.035,-119.90333333,2,Not in near-shore subset,0,Natural,Lightning,0.1,1998
39.10666667,-119.925,2,2,1,Human-Caused,Smoking,0.1,1998
38.90166667,-119.95833333,1,Not in near-shore subset,0,Human-Caused,Misuse of fire by a minor,0.2,1998
38.90166667,-119.95833333,1,Not in near-shore subset,0,Human-Caused,Arson/incendiarism,0.2,1998
39.23666667,-120.13833333,4,Not in near-shore subset,0,Natural,Lightning,0.1,1998
38.98666667,-120.15666667,3,Not in near-shore subset,0,Natural,Lightning,0.1,1998
39.05666667,-120.15666667,3,Not in near-shore subset,0,Natural,Lightning,1.0,1998
38.91,-120.08666667,3,Not in near-shore subset,0,Natural,Lightning,0.5,1998
38.91666667,-120.03333333,1,Not in near-shore subset,0,Human-Caused,Misuse of fire by a minor,0.1,1998
38.90833333,-120.07,1,Not in near-shore subset,0,Human-Caused,Debris and open burning,5.0,1998
38.9,-120.06666667,1,Not in near-shore subset,0,Human-Caused,Debris and open burning,0.1,1998
39.14833333,-119.88666667,2,Not in near-shore subset,0,Human-Caused,Misuse of fire by a minor,32.0,1998
39.135,-119.925,2,2,1,Natural,Lightning,0.1,1998
39.2525,-119.96916667,2,2,1,Natural,Lightning,0.1,1999
38.95194444,-119.91805556,1,Not in near-shore subset,0,Human-Caused,Misuse of fire by a minor,0.1,1999
38.8675,-119.95138889,1,Not in near-shore subset,0,Human-Caused,Recreation and ceremony,0.1,1999
38.93555556,-119.91805556,1,Not in near-shore subset,0,Human-Caused,Smoking,0.1,1999
38.8675,-119.95138889,1,Not in near-shore subset,0,Human-Caused,Recreation and ceremony,0.1,1999
38.8675,-120.06722222,1,Not in near-shore subset,0,Human-Caused,Recreation and ceremony,0.1,1999
39.11722222,-120.11805556,3,Not in near-shore subset,0,Human-Caused,Misuse of fire by a minor,0.1,1999
39.01694444,-119.90111111,1,Not in near-shore subset,0,Human-Caused,Recreation and ceremony,0.5,1999
39.23388889,-120.085,4,2,1,Natural,Lightning,0.1,1999
38.91916667,-120.135,3,Not in near-shore subset,0,Human-Caused,Recreation and ceremony,0.1,1999
38.91666667,-119.96833333,1,Not in near-shore subset,0,Human-Caused,Misuse of fire by a minor,0.1,1999
38.96805556,-120.10111111,3,3,1,Human-Caused,Power generation/transmission/distribution,0.1,1999
38.96805556,-120.10111111,3,3,1,Natural,Lightning,0.1,1999
38.90027778,-119.93444444,1,Not in near-shore subset,0,Natural,Lightning,0.1,1999
39.16833333,-120.16888889,3,Not in near-shore subset,0,Natural,Lightning,0.1,1999
39.23388889,-120.0,2,2,1,Natural,Lightning,0.5,1999
38.8675,-119.98555556,1,Not in near-shore subset,0,Human-Caused,Recreation and ceremony,0.1,1999
39.25,-120.0,4,4,1,Human-Caused,Recreation and ceremony,0.1,1999
39.08444444,-120.10111111,3,Not in near-shore subset,0,Human-Caused,Recreation and ceremony,0.1,1999
39.2175,-120.11916667,4,Not in near-shore subset,0,Human-Caused,Smoking,0.1,1999
39.16833333,-120.18583333,4,Not in near-shore subset,0,Human-Caused,Recreation and ceremony,0.1,1999
38.85138889,-119.95138889,1,Not in near-shore subset,0,Human-Caused,Recreation and ceremony,0.1,1999
39.21777778,-120.11916667,4,Not in near-shore subset,0,Human-Caused,Misuse of fire by a minor,0.1,1999
38.90027778,-120.06722222,1,Not in near-shore subset,0,Human-Caused,Recreation and ceremony,0.1,1999
38.91916667,-120.06722222,1,Not in near-shore subset,0,Human-Caused,Recreation and ceremony,0.1,1999
39.25,-120.0,4,4,1,Human-Caused,Recreation and ceremony,0.1,1999
38.90027778,-120.0025,1,Not in near-shore subset,0,Human-Caused,Smoking,0.1,1999
38.95194444,-119.935,1,1,1,Human-Caused,Recreation and ceremony,0.1,1999
38.93555556,-119.935,1,Not in near-shore subset,0,Human-Caused,Recreation and ceremony,0.1,1999
39.23388889,-120.0,4,4,1,Human-Caused,Fireworks,0.1,1999
39.23388889,-120.0,2,2,1,Natural,Lightning,0.1,1999
38.98444444,-119.91805556,1,Not in near-shore subset,0,Human-Caused,Misuse of fire by a minor,0.2,1999
39.06833333,-119.91805556,2,Not in near-shore subset,0,Natural,Lightning,0.1,1999
38.95194444,-119.935,1,1,1,Human-Caused,Recreation and ceremony,0.1,1999
39.10111111,-120.23416667,3,Not in near-shore subset,0,Natural,Lightning,0.1,1999
38.8675,-119.95138889,1,Not in near-shore subset,0,Human-Caused,Recreation and ceremony,0.1,2000
39.08472222,-119.91805556,2,1,1,Human-Caused,Equipment and vehicle use,0.1,2000
39.15,-119.91805556,2,2,1,Human-Caused,Smoking,0.1,2000
39.10083333,-120.20416667,3,Not in near-shore subset,0,Human-Caused,Recreation and ceremony,0.1,2000
38.8675,-120.03333333,1,Not in near-shore subset,0,Human-Caused,Misuse of fire by a minor,0.1,2000
38.8675,-119.95138889,1,Not in near-shore subset,0,Human-Caused,Recreation and ceremony,0.1,2000
38.93555556,-119.91805556,1,Not in near-shore subset,0,Human-Caused,Recreation and ceremony,0.1,2000
38.8675,-119.95138889,1,Not in near-shore subset,0,Human-Caused,Recreation and ceremony,0.1,2000
38.85138889,-120.05027778,1,Not in near-shore subset,0,Human-Caused,Recreation and ceremony,0.1,2000
38.8675,-119.98555556,1,Not in near-shore subset,0,Human-Caused,Misuse of fire by a minor,0.1,2000
38.8675,-119.95138889,1,Not in near-shore subset,0,Human-Caused,Recreation and ceremony,0.1,2000
38.91861111,-120.03555556,1,Not in near-shore subset,0,Natural,Lightning,0.1,2000
38.93555556,-119.91805556,1,Not in near-shore subset,0,Natural,Lightning,0.1,2000
38.93555556,-120.135,3,Not in near-shore subset,0,Human-Caused,Recreation and ceremony,0.1,2000
38.88388889,-119.96833333,1,Not in near-shore subset,0,Natural,Lightning,0.1,2000
38.90027778,-119.98555556,1,Not in near-shore subset,0,Human-Caused,Debris and open burning,0.1,2000
38.90027778,-119.93444444,1,Not in near-shore subset,0,Human-Caused,Debris and open burning,0.1,2000
39.10083333,-120.01916667,4,Not in near-shore subset,0,Human-Caused,Recreation and ceremony,0.1,2000
38.8675,-119.95138889,1,Not in near-shore subset,0,Human-Caused,Recreation and ceremony,0.1,2000
39.01944444,-120.18333333,3,Not in near-shore subset,0,Human-Caused,Recreation and ceremony,0.5,2000
38.8675,-119.95138889,1,Not in near-shore subset,0,Human-Caused,Recreation and ceremony,0.1,2000
38.91666667,-120.0025,1,Not in near-shore subset,0,Natural,Lightning,0.1,2000
38.90027778,-120.0025,1,Not in near-shore subset,0,Human-Caused,Recreation and ceremony,0.1,2000
38.89388889,-120.03222222,1,Not in near-shore subset,0,Human-Caused,Recreation and ceremony,0.1,2000
38.9,-119.98333333,1,Not in near-shore subset,0,Human-Caused,Misuse of fire by a minor,0.1,2000
39.01694444,-120.125,3,3,1,Human-Caused,Smoking,1.0,2000
38.85138889,-119.96833333,1,Not in near-shore subset,0,Human-Caused,Recreation and ceremony,0.1,2000
39.00083333,-119.91805556,2,Not in near-shore subset,0,Natural,Lightning,0.1,2000
38.85138889,-119.96833333,1,Not in near-shore subset,0,Natural,Lightning,0.1,2000
38.91666667,-120.15222222,3,Not in near-shore subset,0,Human-Caused,Recreation and ceremony,0.1,2000
39.10083333,-120.21666667,3,Not in near-shore subset,0,Human-Caused,Recreation and ceremony,0.1,2000
39.03333333,-120.135,3,3,1,Human-Caused,Recreation and ceremony,0.1,2000
39.05194444,-120.135,3,3,1,Human-Caused,Recreation and ceremony,0.3,2000
38.91666667,-120.05027778,1,Not in near-shore subset,0,Human-Caused,Recreation and ceremony,0.4,2000
39.185,-120.03416667,4,Not in near-shore subset,0,Human-Caused,Smoking,0.3,2000
39.185,-120.10222222,4,4,1,Human-Caused,Smoking,0.1,2000
39.05194444,-120.11805556,3,3,1,Human-Caused,Misuse of fire by a minor,0.1,2000
38.91916667,-120.05027778,1,Not in near-shore subset,0,Human-Caused,Power generation/transmission/distribution,0.1,2000
39.23388889,-120.0,4,4,1,Human-Caused,Smoking,0.1,2000
39.16861111,-119.91805556,2,2,1,Human-Caused,Power generation/transmission/distribution,0.2,2000
38.88388889,-119.96833333,1,Not in near-shore subset,0,Natural,Lightning,0.1,2000
39.07694444,-119.91888889,2,Not in near-shore subset,0,Natural,Lightning,0.3,2000
38.86388889,-120.03333333,1,Not in near-shore subset,0,Human-Caused,Recreation and ceremony,0.1,2000
38.90027778,-119.96833333,1,Not in near-shore subset,0,Human-Caused,Equipment and vehicle use,0.3,2000
39.13111111,-119.89722222,2,Not in near-shore subset,0,Human-Caused,Recreation and ceremony,0.1,2001
38.88388889,-120.13527778,3,Not in near-shore subset,0,Human-Caused,Smoking,0.2,2001
38.85194444,-120.01777778,1,Not in near-shore subset,0,Human-Caused,Smoking,0.1,2001
38.90166667,-120.03555556,1,Not in near-shore subset,0,Human-Caused,Recreation and ceremony,0.3,2001
38.91694444,-120.06666667,1,Not in near-shore subset,0,Human-Caused,Recreation and ceremony,0.1,2001
38.90222222,-119.96694444,1,Not in near-shore subset,0,Natural,Lightning,0.1,2001
38.885,-120.03333333,1,Not in near-shore subset,0,Human-Caused,Recreation and ceremony,0.1,2001
38.93444444,-120.06722222,1,1,1,Human-Caused,Smoking,0.5,2001
38.86916667,-120.01777778,1,Not in near-shore subset,0,Human-Caused,Fireworks,0.3,2001
38.93388889,-120.05027778,1,1,1,Human-Caused,Recreation and ceremony,0.1,2001
38.88527778,-120.06861111,1,Not in near-shore subset,0,Human-Caused,Recreation and ceremony,0.1,2001
38.93777778,-119.9825,1,1,1,Human-Caused,Smoking,0.3,2001
38.9025,-119.9525,1,Not in near-shore subset,0,Human-Caused,Smoking,0.3,2001
38.90166667,-120.13333333,3,Not in near-shore subset,0,Human-Caused,Smoking,0.1,2001
38.93527778,-119.91916667,1,Not in near-shore subset,0,Human-Caused,Recreation and ceremony,0.1,2001
38.93583333,-120.10027778,3,3,1,Human-Caused,Recreation and ceremony,0.1,2001
39.11666667,-120.1525,3,3,1,Human-Caused,Misuse of fire by a minor,0.1,2001
38.98361111,-120.10138889,3,3,1,Human-Caused,Smoking,0.1,2001
39.21694444,-120.08472222,4,4,1,Human-Caused,Recreation and ceremony,0.1,2001
39.18444444,-120.10166667,4,4,1,Human-Caused,Smoking,0.1,2001
38.88527778,-120.085,1,Not in near-shore subset,0,Human-Caused,Recreation and ceremony,0.1,2001
39.11666667,-120.1525,3,3,1,Human-Caused,Recreation and ceremony,0.1,2001
38.88416667,-119.95083333,1,Not in near-shore subset,0,Human-Caused,Recreation and ceremony,0.5,2001
39.00111111,-119.98583333,1,Not in near-shore subset,0,Human-Caused,Smoking,0.1,2001
38.86694444,-119.98583333,1,Not in near-shore subset,0,Human-Caused,Power generation/transmission/distribution,0.3,2001
39.00111111,-120.05027778,3,Not in near-shore subset,0,Natural,Lightning,1.5,2001
39.10055556,-120.18472222,3,3,1,Human-Caused,Smoking,0.1,2001
38.86861111,-120.08388889,1,Not in near-shore subset,0,Human-Caused,Smoking,0.5,2001
38.90055556,-119.9675,1,Not in near-shore subset,0,Human-Caused,Equipment and vehicle use,0.1,2001
38.95222222,-119.90111111,1,Not in near-shore subset,0,Human-Caused,Fireworks,15.0,2001
38.93527778,-119.93388889,1,Not in near-shore subset,0,Human-Caused,Recreation and ceremony,0.5,2001
38.985,-120.08555556,3,3,1,Human-Caused,Smoking,0.1,2001
38.95111111,-120.08444444,3,3,1,Human-Caused,Misuse of fire by a minor,1.0,2001
39.16916667,-120.03416667,2,Not in near-shore subset,0,Natural,Lightning,0.5,2001
38.86916667,-120.01777778,1,Not in near-shore subset,0,Human-Caused,Fireworks,0.3,2001
39.01888889,-120.16666667,3,Not in near-shore subset,0,Natural,Lightning,91.0,2001
38.88444444,-119.93444444,1,Not in near-shore subset,0,Natural,Lightning,0.1,2002
38.93472222,-120.11722222,3,3,1,Human-Caused,Recreation and ceremony,0.1,2002
39.01861111,-120.08416667,3,Not in near-shore subset,0,Natural,Lightning,0.1,2002
38.88416667,-119.96888889,1,Not in near-shore subset,0,Natural,Lightning,0.3,2002
39.025,-120.16833333,3,Not in near-shore subset,0,Natural,Lightning,0.1,2002
38.88416667,-120.01888889,1,Not in near-shore subset,0,Human-Caused,Debris and open burning,0.1,2002
39.16666667,-119.90111111,2,Not in near-shore subset,0,Natural,Lightning,0.1,2002
38.88333333,-120.03527778,1,Not in near-shore subset,0,Natural,Lightning,0.1,2002
38.93472222,-120.11805556,3,Not in near-shore subset,0,Human-Caused,Recreation and ceremony,0.1,2002
38.86916667,-119.96694444,1,Not in near-shore subset,0,Human-Caused,Recreation and ceremony,0.1,2002
39.28333333,-120.0175,2,Not in near-shore subset,0,Natural,Lightning,0.2,2002
39.21777778,-120.13388889,4,Not in near-shore subset,0,Human-Caused,Recreation and ceremony,0.1,2002
38.93444444,-120.06777778,1,1,1,Human-Caused,Power generation/transmission/distribution,3.0,2002
38.90111111,-120.03333333,1,Not in near-shore subset,0,Human-Caused,Power generation/transmission/distribution,0.1,2002
38.93416667,-119.93138889,1,Not in near-shore subset,0,Human-Caused,Smoking,673.0,2002
38.93416667,-120.06805556,1,1,1,Human-Caused,Power generation/transmission/distribution,0.1,2002
39.11805556,-119.96888889,2,2,1,Human-Caused,Recreation and ceremony,0.1,2002
38.98388889,-120.11888889,3,Not in near-shore subset,0,Natural,Lightning,0.1,2002
39.11916667,-120.15222222,3,3,1,Human-Caused,Smoking,0.1,2002
39.21888889,-120.06777778,4,4,1,Human-Caused,Smoking,0.1,2002
39.10027778,-120.15194444,3,3,1,Human-Caused,Smoking,0.1,2002
38.90083333,-119.9175,1,Not in near-shore subset,0,Natural,Lightning,0.1,2002
38.90083333,-119.88416667,1,Not in near-shore subset,0,Natural,Lightning,0.1,2002
38.85111111,-120.00166667,1,Not in near-shore subset,0,Human-Caused,Smoking,0.1,2002
39.11888889,-119.935,2,2,1,Human-Caused,Recreation and ceremony,0.1,2002
39.03333333,-120.13527778,3,3,1,Natural,Lightning,0.1,2002
38.95027778,-120.06722222,1,1,1,Human-Caused,Debris and open burning,43.0,2002
38.86666667,-119.98388889,1,Not in near-shore subset,0,Human-Caused,Smoking,0.1,2002
38.90222222,-119.95222222,1,Not in near-shore subset,0,Human-Caused,Power generation/transmission/distribution,24.0,2002
39.23527778,-120.03444444,4,4,1,Human-Caused,Recreation and ceremony,0.1,2002
38.85138889,-120.00194444,1,Not in near-shore subset,0,Human-Caused,Misuse of fire by a minor,0.1,2002
39.08333333,-120.15194444,3,3,1,Human-Caused,Equipment and vehicle use,0.1,2002
38.93388889,-120.0,1,1,1,Human-Caused,Arson/incendiarism,0.3,2003
39.13444444,-119.91805556,2,2,1,Natural,Lightning,0.1,2003
38.93333333,-120.05083333,1,1,1,Human-Caused,Smoking,0.9,2003
38.91888889,-120.05,1,Not in near-shore subset,0,Human-Caused,Smoking,0.1,2003
38.91916667,-120.03388889,1,1,1,Human-Caused,Smoking,0.1,2003
38.86666667,-119.99166667,1,Not in near-shore subset,0,Human-Caused,Smoking,0.1,2003
39.15194444,-119.91805556,2,2,1,Natural,Lightning,0.1,2003
39.18583333,-119.91833333,2,2,1,Natural,Lightning,0.1,2003
38.88555556,-120.08444444,1,Not in near-shore subset,0,Natural,Lightning,0.2,2003
38.96861111,-120.10055556,3,3,1,Human-Caused,Smoking,0.1,2003
38.95055556,-120.08527778,3,3,1,Human-Caused,Recreation and ceremony,0.1,2003
39.28333333,-119.93527778,2,Not in near-shore subset,0,Natural,Lightning,0.1,2003
39.0175,-119.90111111,2,Not in near-shore subset,0,Natural,Lightning,0.1,2003
38.88333333,-119.98361111,1,Not in near-shore subset,0,Human-Caused,Fireworks,0.1,2003
38.9,-119.95138889,1,Not in near-shore subset,0,Human-Caused,Fireworks,0.1,2003
38.88444444,-119.93444444,1,Not in near-shore subset,0,Natural,Lightning,0.6,2003
39.10166667,-119.91805556,2,Not in near-shore subset,0,Natural,Lightning,0.1,2003
39.26833333,-119.90138889,2,Not in near-shore subset,0,Natural,Lightning,0.1,2003
38.90138889,-120.10083333,3,Not in near-shore subset,0,Natural,Lightning,0.1,2003
39.23527778,-120.05,4,4,1,Human-Caused,Smoking,0.1,2003
38.93416667,-120.0,1,2,1,Natural,Lightning,0.1,2003
39.01805556,-119.95,2,2,1,Natural,Lightning,0.3,2003
38.98416667,-119.91805556,2,Not in near-shore subset,0,Natural,Lightning,0.2,2003
38.95027778,-119.95,1,1,1,Human-Caused,Arson/incendiarism,0.1,2003
38.88555556,-120.11666667,3,Not in near-shore subset,0,Natural,Lightning,0.1,2003
38.96694444,-119.935,1,1,1,Human-Caused,Smoking,0.1,2003
38.91666667,-119.95194444,1,Not in near-shore subset,0,Human-Caused,Misuse of fire by a minor,0.1,2003
38.93583333,-120.08472222,3,3,1,Natural,Lightning,0.2,2003
38.88388889,-120.10166667,1,Not in near-shore subset,0,Human-Caused,Misuse of fire by a minor,0.3,2003
38.91722222,-120.05083333,1,Not in near-shore subset,0,Human-Caused,Misuse of fire by a minor,0.5,2003
38.92916667,-120.08583333,3,Not in near-shore subset,0,Natural,Lightning,0.1,2003
39.23472222,-120.05138889,4,4,1,Human-Caused,Debris and open burning,0.1,2003
38.98472222,-119.90111111,2,Not in near-shore subset,0,Natural,Lightning,0.1,2003
39.13388889,-119.90111111,2,Not in near-shore subset,0,Natural,Lightning,0.1,2003
39.06916667,-119.91805556,2,Not in near-shore subset,0,Natural,Lightning,0.1,2003
39.08388889,-120.23388889,3,Not in near-shore subset,0,Natural,Lightning,0.2,2003
39.03555556,-120.18361111,3,Not in near-shore subset,0,Natural,Lightning,0.1,2003
39.03555556,-120.18444444,3,Not in near-shore subset,0,Natural,Lightning,0.1,2003
38.87083333,-120.10416667,3,Not in near-shore subset,0,Natural,Lightning,0.1,2003
38.98583333,-120.16861111,3,Not in near-shore subset,0,Natural,Lightning,0.1,2003
39.25027778,-119.95,2,4,1,Human-Caused,Smoking,0.1,2003
39.18333333,-119.91805556,2,2,1,Natural,Lightning,0.1,2003
38.88583333,-119.96916667,1,Not in near-shore subset,0,Human-Caused,Misuse of fire by a minor,0.1,2003
39.10111111,-119.90111111,2,Not in near-shore subset,0,Natural,Lightning,0.1,2003
39.25,-120.06027778,4,4,1,Human-Caused,Debris and open burning,0.1,2003
38.91861111,-120.13444444,3,Not in near-shore subset,0,Human-Caused,Recreation and ceremony,0.1,2003
39.25194444,-120.05027778,4,4,1,Human-Caused,Debris and open burning,270.0,2003
39.13472222,-120.15055556,3,3,1,Human-Caused,Recreation and ceremony,0.1,2003
38.91805556,-120.03555556,1,Not in near-shore subset,0,Human-Caused,Smoking,0.1,2003
38.86777778,-119.985,1,Not in near-shore subset,0,Human-Caused,Arson/incendiarism,0.1,2003
39.10222222,-120.21888889,3,Not in near-shore subset,0,Natural,Lightning,0.9,2004
39.00083333,-120.13444444,3,Not in near-shore subset,0,Human-Caused,Recreation and ceremony,0.1,2004
39.21666667,-120.13388889,4,Not in near-shore subset,0,Human-Caused,Misuse of fire by a minor,0.1,2004
39.24305556,-120.0675,4,4,1,Human-Caused,Smoking,0.1,2004
39.20111111,-120.085,4,4,1,Human-Caused,Smoking,0.1,2004
38.88444444,-120.03583333,1,Not in near-shore subset,0,Human-Caused,Arson/incendiarism,0.1,2004
38.93527778,-119.935,1,Not in near-shore subset,0,Human-Caused,Smoking,0.1,2004
38.88333333,-119.96666667,1,Not in near-shore subset,0,Human-Caused,Recreation and ceremony,0.1,2004
38.95194444,-119.93555556,1,1,1,Human-Caused,Recreation and ceremony,0.1,2004
38.9425,-120.04861111,1,1,1,Human-Caused,Recreation and ceremony,0.1,2004
39.23722222,-120.08388889,4,4,1,Human-Caused,Smoking,0.1,2004
39.06083333,-120.11888889,3,3,1,Human-Caused,Smoking,0.1,2004
38.95111111,-119.94611111,1,1,1,Human-Caused,Arson/incendiarism,0.2,2004
38.91916667,-119.9825,1,Not in near-shore subset,0,Human-Caused,Smoking,0.1,2004
38.91916667,-119.96888889,1,Not in near-shore subset,0,Human-Caused,Recreation and ceremony,0.1,2004
38.95472222,-119.94611111,1,1,1,Human-Caused,Arson/incendiarism,0.1,2004
38.86916667,-120.00166667,1,Not in near-shore subset,0,Human-Caused,Recreation and ceremony,0.1,2004
39.03833333,-120.07,3,Not in near-shore subset,0,Human-Caused,Misuse of fire by a minor,0.1,2004
39.13,-119.94333333,2,2,1,Human-Caused,Recreation and ceremony,0.1,2004
39.2453,-119.9344,2,2,1,Natural,Lightning,1641.0,2006
39.2453,-119.9344,2,2,1,Natural,Lightning,4222.0,2006
39.25055556,-120.10944444,4,Not in near-shore subset,0,Human-Caused,Arson/incendiarism,50.0,2005
39.22277778,-120.09111111,4,4,1,Human-Caused,Debris and open burning,0.1,2004
38.94611111,-120.05333333,1,1,1,Human-Caused,Recreation and ceremony,0.1,2004
39.20111111,-120.085,4,4,1,Human-Caused,Debris and open burning,0.1,2004
38.86916667,-119.96833333,1,Not in near-shore subset,0,Human-Caused,Recreation and ceremony,0.1,2004
38.89333333,-119.98972222,1,Not in near-shore subset,0,Human-Caused,Recreation and ceremony,0.1,2004
39.18055556,-120.11388889,4,4,1,Human-Caused,Equipment and vehicle use,0.1,2004
39.16166667,-119.925,2,2,1,Human-Caused,Recreation and ceremony,0.1,2005
38.98833333,-119.925,1,Not in near-shore subset,0,Human-Caused,Recreation and ceremony,0.1,2005
38.93833333,-120.045,1,1,1,Human-Caused,Recreation and ceremony,0.1,2005
39.24916667,-120.00611111,4,4,1,Human-Caused,Recreation and ceremony,0.1,2005
39.04166667,-120.12833333,3,3,1,Human-Caused,Arson/incendiarism,0.1,2005
39.23416667,-120.03444444,4,4,1,Human-Caused,Smoking,0.1,2001
39.035,-119.935,1,1,1,Human-Caused,Other causes,0.1,2001
39.10083333,-120.15222222,3,3,1,Human-Caused,Misuse of fire by a minor,0.3,2001
38.95111111,-120.08444444,3,3,1,Human-Caused,Misuse of fire by a minor,0.3,2001
38.91833333,-120.01888889,1,Not in near-shore subset,0,Human-Caused,Recreation and ceremony,0.3,2001
38.86805556,-120.08583333,1,Not in near-shore subset,0,Human-Caused,Recreation and ceremony,0.1,2001
38.91916667,-119.95027778,1,Not in near-shore subset,0,Human-Caused,Misuse of fire by a minor,0.1,2001
39.21694444,-120.08472222,4,4,1,Human-Caused,Recreation and ceremony,0.1,2001
38.85138889,-120.10083333,1,Not in near-shore subset,0,Human-Caused,Recreation and ceremony,0.1,2001
38.86666667,-120.00083333,1,Not in near-shore subset,0,Human-Caused,Arson/incendiarism,0.1,2001
38.86833333,-119.98583333,1,Not in near-shore subset,0,Human-Caused,Fireworks,0.1,2001
39.25027778,-120.05166667,4,4,1,Human-Caused,Recreation and ceremony,0.1,2001
38.95083333,-119.93555556,1,1,1,Human-Caused,Recreation and ceremony,0.1,2002
38.91722222,-119.96777778,1,Not in near-shore subset,0,Human-Caused,Misuse of fire by a minor,0.1,2002
39.23472222,-119.91805556,2,4,1,Human-Caused,Power generation/transmission/distribution,0.5,2003
39.18805556,-120.13111111,4,4,1,Human-Caused,Debris and open burning,0.3,2004
39.05472222,-120.1425,3,3,1,Human-Caused,Smoking,0.1,2004
38.8525,-120.10333333,3,Not in near-shore subset,0,Natural,Lightning,0.1,2004
38.93583333,-120.05027778,1,3,1,Natural,Lightning,0.1,2004
38.85111111,-120.02194444,1,Not in near-shore subset,0,Human-Caused,Misuse of fire by a minor,7.0,2006
39.26111111,-120.07,4,Not in near-shore subset,0,Human-Caused,Equipment and vehicle use,1.0,2007
39.23194444,-120.01305555,4,4,1,Human-Caused,Smoking,1.0,2006
39.20388888,-120.09805555,4,4,1,Human-Caused,Smoking,0.1,2006
39.07111111,-120.14111111,3,3,1,Human-Caused,Smoking,0.1,2006
39.25,-120.05694444,4,4,1,Human-Caused,Equipment and vehicle use,0.1,1994
39.17611111,-120.135,4,4,1,Human-Caused,Misuse of fire by a minor,0.1,2006
38.9522222,-120.105278,3,3,1,Human-Caused,Recreation and ceremony,0.1,2010
39.0469444,-119.905,2,Not in near-shore subset,0,Natural,Lightning,1.6,2010
38.9172222,-119.955556,1,Not in near-shore subset,0,Human-Caused,Recreation and ceremony,0.1,2010
38.9625,-119.9125,1,Not in near-shore subset,0,Human-Caused,Power generation/transmission/distribution,0.2,2010
38.9802778,-119.946667,1,1,1,Human-Caused,Smoking,0.1,2010
39.2494444,-120.006667,4,4,1,Human-Caused,Recreation and ceremony,0.1,2010
38.9377778,-120.035556,1,1,1,Human-Caused,Smoking,0.1,2010
38.8841667,-120.026389,1,Not in near-shore subset,0,Human-Caused,Equipment and vehicle use,0.1,2010
39.015,-120.202778,3,Not in near-shore subset,0,Natural,Lightning,0.25,2010
38.9486111,-120.103333,3,3,1,Human-Caused,Recreation and ceremony,0.2,2010
38.8938889,-120.119444,3,Not in near-shore subset,0,Natural,Lightning,0.1,2010
38.9311111,-120.067778,1,1,1,Human-Caused,Arson/incendiarism,0.1,2010
39.2480556,-120.013889,4,4,1,Human-Caused,Recreation and ceremony,0.1,2010
39.2602778,-120.074444,4,Not in near-shore subset,0,Human-Caused,Recreation and ceremony,0.2,2010
39.2572222,-120.012222,4,4,1,Human-Caused,Recreation and ceremony,0.1,2010
39.2494444,-120.006667,4,4,1,Human-Caused,Debris and open burning,0.1,2010
39.2522222,-120.074444,4,4,1,Human-Caused,Recreation and ceremony,0.1,2010
39.2522222,-120.074444,4,4,1,Human-Caused,Recreation and ceremony,0.1,2010
38.8588889,-120.011111,1,Not in near-shore subset,0,Human-Caused,Smoking,0.1,2010
39.2558333,-120.054444,4,4,1,Human-Caused,Recreation and ceremony,0.1,2010
38.8597222,-120.033333,1,Not in near-shore subset,0,Human-Caused,Debris and open burning,0.1,2010
39.1069444,-120.158056,3,3,1,Human-Caused,Debris and open burning,0.1,2010
39.2494444,-120.006667,4,4,1,Human-Caused,Recreation and ceremony,0.1,2010
39.0402778,-119.917222,2,Not in near-shore subset,0,Natural,Lightning,0.25,2010
39.2486111,-120.047778,4,4,1,Human-Caused,Smoking,0.2,2010
38.8597222,-120.011111,1,Not in near-shore subset,0,Human-Caused,Smoking,0.1,2010
38.9338889,-120.111667,3,3,1,Human-Caused,Recreation and ceremony,0.1,2010
39.1508333,-119.927222,2,2,1,Human-Caused,Arson/incendiarism,0.25,2010
39.2144444,-120.092778,4,4,1,Human-Caused,Smoking,0.1,2010
39.0672222,-120.133611,3,3,1,Human-Caused,Power generation/transmission/distribution,0.1,2010
39.2494444,-120.006944,4,4,1,Human-Caused,Recreation and ceremony,0.01,2010
39.2463889,-120.005833,4,4,1,Human-Caused,Recreation and ceremony,0.1,2010
38.9330556,-119.943333,1,Not in near-shore subset,0,Natural,Lightning,0.1,2010
38.855,-119.935,1,Not in near-shore subset,0,Natural,Lightning,0.1,2010
38.8608333,-120.029444,1,Not in near-shore subset,0,Human-Caused,Arson/incendiarism,0.1,2010
38.9494444,-119.933611,1,1,1,Human-Caused,Recreation and ceremony,0.4,2010
39.1469444,-120.176667,3,Not in near-shore subset,0,Human-Caused,Arson/incendiarism,0.1,2010
38.8713889,-120.005278,1,Not in near-shore subset,0,Human-Caused,Recreation and ceremony,0.1,2010
39.17305556,-120.15388889,4,4,1,Human-Caused,Recreation and ceremony,0.1,2011
39.2525,-120.07444444,4,4,1,Human-Caused,Recreation and ceremony,0.1,2011
38.92944444,-120.05444444,1,1,1,Human-Caused,Recreation and ceremony,0.1,2011
38.91694444,-119.95555556,1,Not in near-shore subset,0,Human-Caused,Recreation and ceremony,0.1,2011
39.2525,-120.07444444,4,4,1,Human-Caused,Recreation and ceremony,0.1,2011
39.25722222,-120.01222222,4,4,1,Human-Caused,Recreation and ceremony,0.1,2011
39.25722222,-120.01222222,4,4,1,Human-Caused,Recreation and ceremony,0.1,2011
39.22472222,-120.10638889,4,4,1,Human-Caused,Recreation and ceremony,0.1,2011
38.87222222,-120.06305556,1,Not in near-shore subset,0,Human-Caused,Equipment and vehicle use,0.1,2011
39.07166667,-120.145,3,3,1,Human-Caused,Recreation and ceremony,0.1,2011
39.06277778,-120.12388889,3,3,1,Human-Caused,Smoking,0.1,2011
39.18055556,-120.14388889,4,4,1,Human-Caused,Recreation and ceremony,0.1,2011
39.23638889,-120.00916667,2,2,1,Natural,Lightning,1.0,2011
38.87138889,-119.98472222,1,Not in near-shore subset,0,Natural,Lightning,0.1,2011
39.17722222,-120.19277778,4,Not in near-shore subset,0,Human-Caused,Debris and open burning,0.1,2011
39.1375,-120.15416667,3,3,1,Human-Caused,Debris and open burning,4.0,2011
38.87472222,-119.89083333,1,Not in near-shore subset,0,Human-Caused,Recreation and ceremony,0.1,2011
38.91361111,-120.13944444,3,Not in near-shore subset,0,Human-Caused,Recreation and ceremony,0.1,2011
38.928214,-119.969102,1,1,1,Human-Caused,Misuse of fire by a minor,0.01,2011
38.9567,-119.9264,1,Not in near-shore subset,0,Human-Caused,Debris and open burning,3.0,2011
39.23166667,-119.89805556,2,Not in near-shore subset,0,Natural,Lightning,1.0,2012
39.25444444,-119.94888889,2,4,1,Human-Caused,Recreation and ceremony,0.1,2012
39.27083333,-119.93527778,2,Not in near-shore subset,0,Human-Caused,Recreation and ceremony,0.1,2012
38.98,-119.9475,1,1,1,Human-Caused,Recreation and ceremony,0.1,2012
39.24972222,-120.04027778,4,4,1,Human-Caused,Arson/incendiarism,0.1,2012
38.85166667,-119.95361111,1,Not in near-shore subset,0,Natural,Lightning,0.1,2012
38.95027778,-120.10583333,3,3,1,Human-Caused,Power generation/transmission/distribution,0.1,2012
39.24638889,-120.00638889,4,4,1,Human-Caused,Recreation and ceremony,0.1,2012
39.10694444,-120.22361111,3,Not in near-shore subset,0,Natural,Lightning,0.2,2012
38.91222222,-119.96083333,1,Not in near-shore subset,0,Human-Caused,Debris and open burning,0.1,2012
38.85333333,-120.10527778,1,Not in near-shore subset,0,Human-Caused,Recreation and ceremony,0.1,2012
38.9125,-119.99222222,1,Not in near-shore subset,0,Human-Caused,Equipment and vehicle use,0.1,2012
39.03166667,-120.17083333,3,Not in near-shore subset,0,Natural,Lightning,0.25,2012
39.25111111,-120.05722222,4,4,1,Human-Caused,Smoking,0.1,2012
38.92666667,-120.08027778,1,Not in near-shore subset,0,Human-Caused,Power generation/transmission/distribution,0.1,2012
39.14972222,-120.18166667,3,Not in near-shore subset,0,Human-Caused,Recreation and ceremony,0.1,2012
39.18361111,-120.10805556,4,4,1,Human-Caused,Recreation and ceremony,0.1,2012
39.10277778,-120.20472222,3,Not in near-shore subset,0,Human-Caused,Recreation and ceremony,0.1,2012
39.11055556,-120.16555556,3,3,1,Human-Caused,Recreation and ceremony,0.1,2012
39.01361111,-119.94972222,1,1,1,Human-Caused,Arson/incendiarism,0.1,2012
39.24444444,-120.01888889,4,4,1,Human-Caused,Recreation and ceremony,0.1,2012
38.85777778,-120.0425,1,Not in near-shore subset,0,Human-Caused,Debris and open burning,0.1,2012
39.18388889,-120.11888889,4,4,1,Human-Caused,Power generation/transmission/distribution,0.1,2012
39.14638889,-120.22194444,3,Not in near-shore subset,0,Human-Caused,Debris and open burning,0.1,2012
38.92416667,-120.07027778,1,Not in near-shore subset,0,Human-Caused,Recreation and ceremony,0.1,2012
38.93194444,-120.06861111,1,1,1,Human-Caused,Recreation and ceremony,0.1,2012
38.98722222,-119.95222222,1,1,1,Human-Caused,Smoking,0.1,2012
38.925,-120.02444444,1,1,1,Human-Caused,Smoking,0.5,2012
38.98083333,-119.9425,1,1,1,Human-Caused,Arson/incendiarism,2.6,2012
39.24694444,-120.05833333,4,4,1,Human-Caused,Recreation and ceremony,0.1,2012
39.06055556,-119.94361111,2,1,1,Human-Caused,Recreation and ceremony,0.1,2012
39.18694444,-119.92777778,2,2,1,Human-Caused,Smoking,0.1,2012
39.19305556,-119.9361111,2,2,1,Natural,Lightning,0.1,2012
38.921185,-119.992566,1,Not in near-shore subset,0,Human-Caused,Recreation and ceremony,0.01,2012
39.15222222,-120.23333333,3,Not in near-shore subset,0,Natural,Lightning,0.1,2013
38.85222222,-120.00083333,1,Not in near-shore subset,0,Natural,Lightning,0.1,2013
39.225,-120.14,4,Not in near-shore subset,0,Human-Caused,Recreation and ceremony,0.1,2013
39.09027778,-120.21611111,3,Not in near-shore subset,0,Natural,Lightning,0.2,2013
38.98416667,-119.94666667,1,1,1,Human-Caused,Recreation and ceremony,0.1,2013
39.22472222,-120.10333333,4,4,1,Human-Caused,Smoking,0.25,2013
39.23833333,-120.015,4,4,1,Human-Caused,Recreation and ceremony,0.1,2013
39.26888889,-120.00527778,4,Not in near-shore subset,0,Human-Caused,Recreation and ceremony,0.1,2013
38.99666667,-120.14527778,3,Not in near-shore subset,0,Natural,Lightning,0.8,2013
39.28055556,-120.03111111,4,Not in near-shore subset,0,Human-Caused,Recreation and ceremony,0.1,2013
38.93361111,-119.90805556,1,Not in near-shore subset,0,Human-Caused,Smoking,0.1,2013
39.16527778,-120.14083333,4,4,1,Human-Caused,Misuse of fire by a minor,0.2,2013
38.93944444,-120.11861111,3,3,1,Human-Caused,Recreation and ceremony,0.5,2013
38.85666667,-119.95388889,1,Not in near-shore subset,0,Natural,Lightning,0.1,2013
39.25805556,-120.0525,4,Not in near-shore subset,0,Human-Caused,Equipment and vehicle use,0.1,2013
38.90222222,-120.00333333,1,Not in near-shore subset,0,Human-Caused,Arson/incendiarism,0.1,2013
39.21888889,-120.14,4,Not in near-shore subset,0,Human-Caused,Recreation and ceremony,0.1,2013
38.86583333,-119.95083333,1,Not in near-shore subset,0,Natural,Lightning,0.1,2013
39.22527778,-120.13972222,4,Not in near-shore subset,0,Human-Caused,Recreation and ceremony,0.1,2013
38.90833333,-120.0675,1,Not in near-shore subset,0,Human-Caused,Recreation and ceremony,0.1,2013
39.24944444,-120.00722222,4,4,1,Human-Caused,Recreation and ceremony,0.1,2013
39.14833333,-119.92694444,2,2,1,Human-Caused,Equipment and vehicle use,0.25,2013
38.88388889,-119.945,1,Not in near-shore subset,0,Natural,Lightning,0.1,2013
39.02361111,-120.17583333,3,Not in near-shore subset,0,Natural,Lightning,0.1,2013
38.91777778,-119.91777778,1,Not in near-shore subset,0,Natural,Lightning,0.25,2013
39.26611111,-120.03083333,4,Not in near-shore subset,0,Human-Caused,Equipment and vehicle use,0.1,2013
38.85611111,-119.98277778,1,Not in near-shore subset,0,Human-Caused,Recreation and ceremony,0.1,2013
39.27722222,-120.05,4,Not in near-shore subset,0,Human-Caused,Recreation and ceremony,0.1,2013
38.90444444,-120.04777778,1,Not in near-shore subset,0,Human-Caused,Recreation and ceremony,0.1,2013
39.07944444,-120.20805556,3,Not in near-shore subset,0,Natural,Lightning,0.25,2013
38.96861111,-119.90638889,1,Not in near-shore subset,0,Human-Caused,Recreation and ceremony,0.1,2013
39.23972222,-120.05555556,4,4,1,Human-Caused,Equipment and vehicle use,0.25,2013
38.88472222,-119.94027778,1,Not in near-shore subset,0,Natural,Lightning,0.4,2013
38.99388889,-119.89083333,1,Not in near-shore subset,0,Human-Caused,Recreation and ceremony,0.1,2013
39.04916667,-120.12305556,3,3,1,Human-Caused,Power generation/transmission/distribution,0.1,2013
39.2525,-120.07444444,4,4,1,Human-Caused,Recreation and ceremony,0.1,2013
38.96027778,-119.90777778,1,Not in near-shore subset,0,Human-Caused,Arson/incendiarism,0.1,2013
38.87222222,-120.075,1,Not in near-shore subset,0,Human-Caused,Recreation and ceremony,0.1,2013
39.0703,-120.139733,3,3,1,Human-Caused,Power generation/transmission/distribution,0.1,2013
39.18125,-120.114917,4,4,1,Human-Caused,Recreation and ceremony,1.0,2013
39.2282,-120.01175,4,4,1,Human-Caused,Equipment and vehicle use,0.1,2013
39.22444444,-120.13722222,4,Not in near-shore subset,0,Human-Caused,Recreation and ceremony,0.1,2014
38.89555556,-120.09777778,1,Not in near-shore subset,0,Human-Caused,Recreation and ceremony,0.1,2014
39.24777778,-120.01361111,4,4,1,Human-Caused,Recreation and ceremony,0.03,2014
39.12972222,-119.90416667,2,Not in near-shore subset,0,Natural,Lightning,0.1,2014
38.94388889,-120.09833333,3,3,1,Natural,Lightning,0.1,2014
39.10416667,-120.20666667,3,Not in near-shore subset,0,Human-Caused,Recreation and ceremony,0.1,2014
39.12777778,-120.205,3,Not in near-shore subset,0,Natural,Lightning,0.1,2014
38.91444444,-119.97472222,1,Not in near-shore subset,0,Natural,Lightning,0.1,2014
38.91361111,-120.14611111,3,Not in near-shore subset,0,Human-Caused,Recreation and ceremony,1.0,2014
39.14138889,-119.92861111,2,2,1,Human-Caused,Power generation/transmission/distribution,0.1,2014
39.06166667,-120.17166667,3,Not in near-shore subset,0,Human-Caused,Recreation and ceremony,0.1,2014
38.97722222,-119.92527778,1,Not in near-shore subset,0,Human-Caused,Arson/incendiarism,0.1,2014
39.14416667,-120.19083333,3,Not in near-shore subset,0,Human-Caused,Recreation and ceremony,0.1,2014
39.09194444,-120.24194444,3,Not in near-shore subset,0,Human-Caused,Recreation and ceremony,0.1,2014
39.25944444,-120.08305556,4,Not in near-shore subset,0,Human-Caused,Recreation and ceremony,0.1,2014
39.00138889,-120.16861111,3,Not in near-shore subset,0,Natural,Lightning,0.1,2014
39.03972222,-119.91805556,2,Not in near-shore subset,0,Natural,Lightning,0.1,2014
38.91944444,-120.11361111,3,Not in near-shore subset,0,Human-Caused,Recreation and ceremony,22.0,2014
38.89777778,-119.96305556,1,Not in near-shore subset,0,Human-Caused,Power generation/transmission/distribution,0.15,2014
38.92111111,-120.05555556,1,Not in near-shore subset,0,Human-Caused,Recreation and ceremony,0.1,2014
38.97722222,-119.92527778,1,Not in near-shore subset,0,Human-Caused,Arson/incendiarism,0.1,2014
38.90694444,-119.9525,1,Not in near-shore subset,0,Human-Caused,Arson/incendiarism,0.4,2014
38.90638889,-119.9525,1,Not in near-shore subset,0,Human-Caused,Arson/incendiarism,0.4,2014
38.99555556,-119.95305556,1,1,1,Human-Caused,Fireworks,0.1,2014
38.95972222,-119.91444444,1,Not in near-shore subset,0,Natural,Lightning,0.1,2014
38.92861111,-119.93444444,1,Not in near-shore subset,0,Natural,Lightning,0.1,2014
39.01194444,-119.92638889,2,2,1,Natural,Lightning,0.04,2014
39.27555556,-119.95722222,4,Not in near-shore subset,0,Human-Caused,Recreation and ceremony,0.6,2014
39.095,-120.21277778,3,Not in near-shore subset,0,Natural,Lightning,0.1,2014
39.29166667,-119.90333333,2,Not in near-shore subset,0,Human-Caused,Recreation and ceremony,0.1,2014
39.14416667,-120.19083333,3,Not in near-shore subset,0,Human-Caused,Recreation and ceremony,0.1,2014
39.06694444,-120.17333333,3,Not in near-shore subset,0,Human-Caused,Recreation and ceremony,0.1,2014
39.27916667,-119.96027778,4,Not in near-shore subset,0,Human-Caused,Recreation and ceremony,0.1,2014
39.21888889,-120.13805556,4,Not in near-shore subset,0,Human-Caused,Recreation and ceremony,0.1,2014
39.2290669,-119.8977692,2,Not in near-shore subset,0,Natural,Lightning,0.1,2014
39.16379471,-119.9262871,2,2,1,Natural,Lightning,0.01,2014
39.191189,-120.104544,4,4,1,Human-Caused,Power generation/transmission/distribution,0.01,2014
39.230721,-120.013329,4,4,1,Human-Caused,Misuse of fire by a minor,1.0,2014
39.190683,-120.104583,4,4,1,Human-Caused,Power generation/transmission/distribution,0.1,2014
38.985,-120.0925,3,3,1,Human-Caused,Recreation and ceremony,0.1,2014
39.11194444,-119.90111111,2,Not in near-shore subset,0,Natural,Lightning,0.1,2015
38.93333333,-120.03305556,1,1,1,Human-Caused,Recreation and ceremony,0.1,2015
39.25972222,-120.00805556,2,2,1,Natural,Lightning,0.25,2015
39.05555556,-119.92694444,2,2,1,Natural,Lightning,0.1,2015
39.13777778,-119.91444444,2,2,1,Natural,Lightning,0.25,2015
39.09222222,-120.215,3,Not in near-shore subset,0,Human-Caused,Recreation and ceremony,0.1,2015
38.935,-120.0325,1,1,1,Human-Caused,Arson/incendiarism,0.07,2015
38.92861111,-120.02861111,1,1,1,Human-Caused,Arson/incendiarism,0.1,2015
39.22444444,-120.13666667,4,Not in near-shore subset,0,Human-Caused,Recreation and ceremony,0.1,2015
39.22388889,-120.1375,4,Not in near-shore subset,0,Human-Caused,Equipment and vehicle use,0.1,2015
39.14888889,-119.93222222,2,2,1,Human-Caused,Recreation and ceremony,0.1,2015
38.85305556,-120.11111111,1,Not in near-shore subset,0,Human-Caused,Recreation and ceremony,0.1,2015
38.88388889,-120.01361111,1,Not in near-shore subset,0,Natural,Lightning,0.1,2015
38.91416667,-119.98194444,1,Not in near-shore subset,0,Human-Caused,Smoking,0.25,2015
38.85055556,-119.99861111,1,Not in near-shore subset,0,Human-Caused,Debris and open burning,0.1,2015
38.93972222,-119.95444444,1,1,1,Human-Caused,Smoking,0.25,2015
39.02555556,-119.94416667,1,1,1,Human-Caused,Recreation and ceremony,0.1,2015
38.91027778,-120.04916667,1,Not in near-shore subset,0,Natural,Lightning,0.1,2015
39.24666667,-120.02527778,4,4,1,Human-Caused,Smoking,0.1,2015
39.04,-120.12944444,3,3,1,Natural,Lightning,0.1,2015
38.85361111,-120.03083333,1,Not in near-shore subset,0,Human-Caused,Recreation and ceremony,0.01,2015
38.9,-120.00527778,1,Not in near-shore subset,0,Human-Caused,Recreation and ceremony,0.25,2015
38.87805556,-120.07777778,1,Not in near-shore subset,0,Human-Caused,Debris and open burning,0.5,2015
39.125,-120.16472222,3,3,1,Human-Caused,Debris and open burning,0.1,2015
39.01111111,-119.94916667,1,1,1,Human-Caused,Smoking,0.1,2015
38.85555556,-120.01583333,1,Not in near-shore subset,0,Human-Caused,Recreation and ceremony,0.25,2015
39.09138889,-119.90583333,2,Not in near-shore subset,0,Human-Caused,Recreation and ceremony,0.01,2015
38.94388889,-120.09972222,3,3,1,Human-Caused,Recreation and ceremony,0.1,2015
38.98333333,-120.11916667,3,Not in near-shore subset,0,Natural,Lightning,0.1,2015
38.94972222,-120.11527778,3,3,1,Human-Caused,Recreation and ceremony,0.1,2015
39.22855,-120.01235,2,2,1,Natural,Lightning,0.01,2015
39.192224,-120.099779,4,4,1,Human-Caused,Arson/incendiarism,0.01,2015
39.062133,-120.1354,3,3,1,Human-Caused,Arson/incendiarism,0.1,2015
39.242288,-120.059359,4,4,1,Human-Caused,Debris and open burning,0.01,2015
39.1887,-120.129217,4,4,1,Human-Caused,Recreation and ceremony,1.0,2014
38.879361,-119.989583,1,Not in near-shore subset,0,Human-Caused,Equipment and vehicle use,0.1,2015
39.240118,-120.026939,4,4,1,Human-Caused,Misuse of fire by a minor,0.1,2014
39.14416667,-120.19111111,3,Not in near-shore subset,0,Human-Caused,Recreation and ceremony,0.01,2016
38.94277778,-120.06888889,1,1,1,Human-Caused,Smoking,0.1,2016
39.09944444,-120.20888889,3,Not in near-shore subset,0,Human-Caused,Recreation and ceremony,0.1,2016
39.21444444,-120.15833333,4,Not in near-shore subset,0,Human-Caused,Recreation and ceremony,0.1,2016
39.25277778,-120.07472222,4,4,1,Human-Caused,Recreation and ceremony,0.1,2016
39.25861111,-120.01055556,4,4,1,Human-Caused,Recreation and ceremony,0.01,2016
39.09194444,-120.24277778,3,Not in near-shore subset,0,Human-Caused,Recreation and ceremony,0.1,2016
38.92583333,-120.13166667,3,Not in near-shore subset,0,Human-Caused,Recreation and ceremony,0.5,2016
39.06555556,-119.94361111,2,1,1,Human-Caused,Recreation and ceremony,0.1,2016
38.93583333,-120.03527778,1,1,1,Human-Caused,Smoking,0.1,2016
39.25277778,-120.07444444,4,4,1,Human-Caused,Recreation and ceremony,0.1,2016
39.11166667,-120.18722222,3,Not in near-shore subset,0,Human-Caused,Recreation and ceremony,0.25,2016
39.24944444,-120.0075,4,4,1,Human-Caused,Recreation and ceremony,0.01,2016
38.98055556,-119.9425,1,1,1,Human-Caused,Arson/incendiarism,0.01,2016
38.98055556,-119.9425,1,1,1,Human-Caused,Arson/incendiarism,0.01,2016
39.16888889,-120.16055556,4,4,1,Human-Caused,Recreation and ceremony,0.1,2016
39.25361111,-120.02916667,4,4,1,Human-Caused,Fireworks,0.1,2016
38.95277778,-119.93888889,1,1,1,Human-Caused,Arson/incendiarism,0.1,2016
38.97861111,-119.94333333,1,1,1,Human-Caused,Recreation and ceremony,0.01,2016
38.94972222,-119.93805556,1,1,1,Human-Caused,Recreation and ceremony,0.1,2016
38.90583333,-120.01555556,1,Not in near-shore subset,0,Human-Caused,Recreation and ceremony,0.1,2016
38.93888889,-119.97694444,1,1,1,Human-Caused,Recreation and ceremony,0.1,2016
38.96777778,-119.94111111,1,1,1,Human-Caused,Arson/incendiarism,0.25,2016
38.91833333,-119.95694444,1,Not in near-shore subset,0,Human-Caused,Arson/incendiarism,0.1,2016
39.245,-120.02638889,4,4,1,Human-Caused,Recreation and ceremony,0.2,2016
38.88861111,-120.02638889,1,Not in near-shore subset,0,Human-Caused,Recreation and ceremony,1.0,2016
38.89444444,-119.98194444,1,Not in near-shore subset,0,Human-Caused,Recreation and ceremony,0.1,2016
39.16222222,-120.14861111,4,4,1,Human-Caused,Recreation and ceremony,0.1,2016
38.93972222,-119.95361111,1,1,1,Human-Caused,Arson/incendiarism,0.1,2016
38.93916667,-119.95305556,1,1,1,Human-Caused,Arson/incendiarism,0.1,2016
38.93194444,-119.98083333,1,1,1,Human-Caused,Arson/incendiarism,1.0,2016
38.91666667,-120.01666667,1,Not in near-shore subset,0,Human-Caused,Arson/incendiarism,0.1,2016
39.245,-120.02361111,4,4,1,Human-Caused,Recreation and ceremony,0.1,2016
38.92666667,-119.94777778,1,Not in near-shore subset,0,Human-Caused,Arson/incendiarism,0.1,2016
38.92416667,-119.94777778,1,Not in near-shore subset,0,Human-Caused,Arson/incendiarism,2.8,2016
38.92805556,-119.94805556,1,Not in near-shore subset,0,Human-Caused,Arson/incendiarism,0.5,2016
38.94888889,-120.08305556,3,3,1,Human-Caused,Power generation/transmission/distribution,176.0,2016
38.95055556,-119.94277778,1,1,1,Human-Caused,Arson/incendiarism,0.1,2016
38.945,-119.945,1,1,1,Human-Caused,Arson/incendiarism,0.1,2016
39.11055556,-119.91111111,2,Not in near-shore subset,0,Human-Caused,Recreation and ceremony,0.58,2016
39.15888889,-120.16444444,3,Not in near-shore subset,0,Natural,Lightning,0.25,2017
38.90972222,-120.1225,3,Not in near-shore subset,0,Natural,Lightning,0.2,2017
38.89555556,-120.00861111,1,Not in near-shore subset,0,Human-Caused,Recreation and ceremony,0.01,2017
38.88861111,-120.01694444,1,Not in near-shore subset,0,Natural,Lightning,0.1,2017
39.10333333,-120.20444444,3,Not in near-shore subset,0,Human-Caused,Recreation and ceremony,0.1,2017
39.19861111,-120.16861111,4,Not in near-shore subset,0,Natural,Lightning,0.1,2017
39.09555556,-120.24194444,3,Not in near-shore subset,0,Human-Caused,Recreation and ceremony,0.25,2017
39.11722222,-120.17805556,3,3,1,Natural,Lightning,0.1,2017
39.05638889,-120.17222222,3,Not in near-shore subset,0,Natural,Lightning,0.1,2017
39.01805556,-119.94777778,2,2,1,Natural,Lightning,0.01,2017
39.28444444,-119.93583333,2,Not in near-shore subset,0,Human-Caused,Recreation and ceremony,0.01,2017
39.16055556,-119.93333333,2,2,1,Human-Caused,Recreation and ceremony,0.01,2017
38.92944444,-119.90527778,1,Not in near-shore subset,0,Human-Caused,Smoking,0.1,2017
38.93833333,-120.04305556,1,1,1,Human-Caused,Recreation and ceremony,0.1,2017
39.26916667,-120.04194444,4,Not in near-shore subset,0,Human-Caused,Recreation and ceremony,0.2,2017
39.01527778,-119.93944444,1,1,1,Human-Caused,Misuse of fire by a minor,0.1,2017
39.20138889,-119.97388889,2,Not in near-shore subset,0,Natural,Lightning,0.25,2017
39.24833333,-120.03166667,4,4,1,Human-Caused,Arson/incendiarism,0.01,2017
39.17416667,-119.92861111,2,2,1,Human-Caused,Recreation and ceremony,0.15,2017
38.9525,-119.93916667,1,1,1,Human-Caused,Recreation and ceremony,0.25,2017
38.94472222,-119.94555556,1,1,1,Human-Caused,Smoking,0.1,2017
38.92027778,-120.00444444,1,Not in near-shore subset,0,Human-Caused,Recreation and ceremony,0.5,2017
38.92055556,-120.04555556,1,Not in near-shore subset,0,Human-Caused,Arson/incendiarism,0.1,2017
38.93555556,-120.03611111,1,1,1,Human-Caused,Smoking,0.1,2017
38.92722222,-120.04972222,1,1,1,Human-Caused,Recreation and ceremony,0.01,2017
38.92118,-119.92089,1,Not in near-shore subset,0,Natural,Lightning,0.1,2017
39.245111,-120.064861,4,2,1,Natural,Lightning,0.1,2016
39.235024,-120.013382,4,4,1,Human-Caused,Equipment and vehicle use,0.1,2016
39.068279,-120.129952,3,3,1,Human-Caused,Debris and open burning,0.01,2016
39.226084,-120.007723,4,4,1,Human-Caused,Debris and open burning,0.01,2016
38.948033,-119.938617,1,1,1,Human-Caused,Arson/incendiarism,0.5,2016
38.94695,-119.9347,1,1,1,Human-Caused,Arson/incendiarism,0.1,2016
39.165283,-120.143868,4,4,1,Human-Caused,Misuse of fire by a minor,0.01,2016
38.885459,-120.023116,1,Not in near-shore subset,0,Natural,Lightning,1.0,2017
39.240843,-120.030929,4,4,1,Human-Caused,Debris and open burning,0.01,2017
39.227046,-120.008142,4,4,1,Human-Caused,Debris and open burning,0.01,2017
38.90876,-120.011461,1,Not in near-shore subset,0,Human-Caused,Arson/incendiarism,0.01,2017
38.92805556,-120.14388889,3,Not in near-shore subset,0,Natural,Lightning,0.1,2018
39.10222222,-120.20583333,3,Not in near-shore subset,0,Human-Caused,Recreation and ceremony,0.1,2018
38.94055556,-120.05472222,1,1,1,Human-Caused,Recreation and ceremony,0.01,2018
39.105,-120.23416667,3,Not in near-shore subset,0,Human-Caused,Recreation and ceremony,0.1,2018
39.06722222,-120.20222222,3,Not in near-shore subset,0,Human-Caused,Recreation and ceremony,0.1,2018
39.21916667,-120.13805556,4,Not in near-shore subset,0,Human-Caused,Recreation and ceremony,0.01,2018
38.94388889,-119.89972222,1,Not in near-shore subset,0,Natural,Lightning,0.1,2018
38.965,-119.88833333,2,Not in near-shore subset,0,Natural,Lightning,0.1,2018
39.25805556,-120.01194444,4,4,1,Human-Caused,Recreation and ceremony,0.1,2018
38.9325,-119.90722222,1,Not in near-shore subset,0,Human-Caused,Smoking,0.1,2018
38.95055556,-119.94,1,1,1,Human-Caused,Recreation and ceremony,0.1,2018
39.00833333,-119.9475,1,1,1,Human-Caused,Equipment and vehicle use,0.1,2018
38.89555556,-120.0375,1,Not in near-shore subset,0,Human-Caused,Power generation/transmission/distribution,0.1,2018
38.97722222,-119.94083333,1,1,1,Human-Caused,Arson/incendiarism,0.01,2018
38.95111111,-119.93833333,1,1,1,Human-Caused,Recreation and ceremony,0.1,2018
38.92472222,-120.0825,1,Not in near-shore subset,0,Human-Caused,Power generation/transmission/distribution,0.1,2018
38.97611111,-119.94027778,1,1,1,Human-Caused,Misuse of fire by a minor,0.01,2018
39.26305556,-120.04583333,4,Not in near-shore subset,0,Human-Caused,Recreation and ceremony,0.1,2018
39.27638889,-119.97583333,2,Not in near-shore subset,0,Natural,Lightning,0.1,2018
39.26277778,-119.91666667,2,Not in near-shore subset,0,Human-Caused,Recreation and ceremony,0.01,2018
38.93361111,-120.04972222,1,1,1,Human-Caused,Smoking,0.01,2018
39.06444444,-119.92583333,2,2,1,Natural,Lightning,0.6,2018
39.18859,-119.91359,2,2,1,Natural,Lightning,323.0,2018
38.867172,-120.03616,1,Not in near-shore subset,0,Human-Caused,Equipment and vehicle use,0.1,2018
39.243617,-120.032962,4,4,1,Human-Caused,Debris and open burning,0.01,2018
38.912003,-120.003793,1,Not in near-shore subset,0,Human-Caused,Arson/incendiarism,0.1,2018
38.893945,-119.998379,1,Not in near-shore subset,0,Human-Caused,Power generation/transmission/distribution,0.5,2005
38.941447,-119.963495,1,1,1,Human-Caused,Equipment and vehicle use,0.1,2006
38.929963,-119.984469,1,1,1,Human-Caused,Misuse of fire by a minor,0.1,2007
38.93436,-119.976913,1,1,1,Human-Caused,Smoking,0.1,2008
38.949055,-119.948296,1,1,1,Human-Caused,Smoking,0.1,2009
38.939124,-119.95712,1,1,1,Human-Caused,Arson/incendiarism,0.2,2010
38.937388,-120.037965,1,1,1,Human-Caused,Smoking,0.1,2010
39.22388889,-120.13666667,4,Not in near-shore subset,0,Human-Caused,Recreation and ceremony,0.1,2019
39.2075,-120.17944444,4,Not in near-shore subset,0,Human-Caused,Recreation and ceremony,0.1,2019
38.93,-119.94361111,1,Not in near-shore subset,0,Human-Caused,Recreation and ceremony,0.01,2019
39.25611111,-120.07972222,4,Not in near-shore subset,0,Human-Caused,Recreation and ceremony,0.1,2019
38.90472222,-120.04277778,1,Not in near-shore subset,0,Human-Caused,Equipment and vehicle use,0.1,2019
39.10472222,-120.2,3,Not in near-shore subset,0,Human-Caused,Recreation and ceremony,0.1,2019
38.93861111,-119.91888889,1,Not in near-shore subset,0,Human-Caused,Smoking,0.1,2019
39.11055556,-120.17444444,3,3,1,Human-Caused,Recreation and ceremony,0.1,2019
38.94388889,-120.10027778,3,3,1,Human-Caused,Recreation and ceremony,0.1,2019
38.97222222,-119.93083333,1,1,1,Human-Caused,Arson/incendiarism,0.01,2019
39.2325,-120.13583333,4,Not in near-shore subset,0,Human-Caused,Recreation and ceremony,0.1,2019
39.00972222,-119.9475,1,1,1,Human-Caused,Recreation and ceremony,0.01,2019
38.93555556,-120.04388889,1,1,1,Human-Caused,Power generation/transmission/distribution,0.1,2019
39.13611111,-120.22138889,3,Not in near-shore subset,0,Human-Caused,Smoking,0.1,2019
38.92666667,-120.02444444,1,1,1,Human-Caused,Arson/incendiarism,0.1,2019
38.97222222,-119.93083333,1,1,1,Human-Caused,Arson/incendiarism,0.01,2019
39.05982,-120.13309,3,3,1,Human-Caused,Power generation/transmission/distribution,0.36,2019
39.259391,-119.968212,4,4,1,Human-Caused,Arson/incendiarism,6.5,2019
39.0587,-120.137047,3,3,1,Human-Caused,Debris and open burning,0.1,2020
39.19059,-120.034803,4,Not in near-shore subset,0,Human-Caused,Equipment and vehicle use,2.0,2020
39.193809,-120.119026,4,4,1,Human-Caused,Power generation/transmission/distribution,0.1,2020
39.234625,-120.016207,4,4,1,Human-Caused,Misuse of fire by a minor,0.1,2020
39.142367,-120.170434,3,3,1,Human-Caused,Debris and open burning,1.0,2020
39.254385,-120.067155,4,4,1,Human-Caused,Debris and open burning,0.07,2020
38.922822,-119.990043,1,Not in near-shore subset,0,Human-Caused,Debris and open burning,0.1,2020
39.240118,-120.026939,4,4,1,Human-Caused,Power generation/transmission/distribution,0.3,2020
38.932948,-119.979916,1,1,1,Human-Caused,Misuse of fire by a minor,0.1,2020
39.085851,-120.160351,3,3,1,Human-Caused,Debris and open burning,0.1,2020
39.174503,-120.137292,4,4,1,Human-Caused,Debris and open burning,0.9,2020
39.06174,-120.133116,3,3,1,Human-Caused,Debris and open burning,1.0,2020
39.190486,-120.032229,4,Not in near-shore subset,0,Human-Caused,Debris and open burning,5.0,2020
39.0587,-120.137047,3,3,1,Human-Caused,Debris and open burning,0.2,2020
39.062264,-120.130038,3,3,1,Human-Caused,Debris and open burning,0.1,2020
39.26743426,-119.901024,2,Not in near-shore subset,0,Natural,Lightning,0.1,2020
39.31889426,-119.93334601,2,Not in near-shore subset,0,Natural,Lightning,0.1,2020
39.08733824,-119.90701298,2,Not in near-shore subset,0,Human-Caused,Equipment and vehicle use,0.1,2020
39.16020024,-119.93348099,2,2,1,Human-Caused,Recreation and ceremony,0.1,2020
38.98050523,-119.93567997,1,1,1,Human-Caused,Arson/incendiarism,0.1,2020
39.30875526,-119.94301301,2,Not in near-shore subset,0,Natural,Lightning,0.1,2020
39.01551323,-119.95142698,1,1,1,Human-Caused,Recreation and ceremony,0.1,2020
39.17396125,-119.93191499,2,2,1,Human-Caused,Smoking,0.3,2020
39.09368224,-119.93153598,2,2,1,Natural,Lightning,0.1,2020
39.23017224,-120.10701303,4,Not in near-shore subset,0,Human-Caused,Equipment and vehicle use,1.8,2020
39.22706124,-120.10526303,4,4,1,Human-Caused,Equipment and vehicle use,0.1,2020
39.24450524,-120.09468003,4,Not in near-shore subset,0,Human-Caused,Equipment and vehicle use,1.2,2020
39.04461622,-120.12679101,3,3,1,Natural,Lightning,0.1,2020
38.97970421,-120.137813,3,Not in near-shore subset,0,Human-Caused,Recreation and ceremony,0.5,2020
39.13686622,-120.20443003,3,Not in near-shore subset,0,Natural,Lightning,0.1,2020
39.21894923,-120.14015203,4,Not in near-shore subset,0,Human-Caused,Recreation and ceremony,0.1,2020
38.86644921,-119.99442996,1,Not in near-shore subset,0,Human-Caused,Debris and open burning,0.1,2020
38.95119923,-119.93876297,1,1,1,Human-Caused,Recreation and ceremony,0.1,2020
38.97510323,-119.95095997,1,1,1,Human-Caused,Recreation and ceremony,0.1,2020
38.88138821,-120.01129597,1,Not in near-shore subset,0,Natural,Lightning,0.1,2020
38.85978821,-120.00511296,1,Not in near-shore subset,0,Human-Caused,Recreation and ceremony,0.3,2020
38.92708821,-120.06934598,1,1,1,Human-Caused,Smoking,0.1,2020
38.92733822,-120.04582998,1,1,1,Human-Caused,Arson/incendiarism,0.1,2020
38.92442221,-120.07056298,1,Not in near-shore subset,0,Human-Caused,Recreation and ceremony,0.1,2020
38.94656121,-120.09765199,3,3,1,Human-Caused,Smoking,0.1,2020
38.94083822,-120.05139598,1,1,1,Human-Caused,Recreation and ceremony,0.1,2020
38.94063822,-120.05122998,1,1,1,Human-Caused,Recreation and ceremony,0.1,2020
38.93605521,-120.08439599,1,3,1,Human-Caused,Arson/incendiarism,2.0,2020
38.85670521,-120.07306298,1,Not in near-shore subset,0,Human-Caused,Arson/incendiarism,0.3,2020
38.87858821,-120.07257998,1,Not in near-shore subset,0,Human-Caused,Arson/incendiarism,0.1,2020
38.91280521,-120.04596298,1,Not in near-shore subset,0,Human-Caused,Arson/incendiarism,0.1,2020
38.91207221,-120.08101298,3,Not in near-shore subset,0,Natural,Lightning,0.1,2020
38.90012021,-120.04612998,1,Not in near-shore subset,0,Human-Caused,Arson/incendiarism,0.1,2020
38.93178821,-120.05606298,1,1,1,Human-Caused,Recreation and ceremony,0.1,2020
38.93277221,-120.05829598,1,1,1,Human-Caused,Debris and open burning,0.1,2020
38.92745522,-120.02646298,1,1,1,Human-Caused,Arson/incendiarism,0.1,2020
38.92800522,-120.02837398,1,1,1,Human-Caused,Recreation and ceremony,0.1,2020
38.85458821,-120.07597998,1,Not in near-shore subset,0,Human-Caused,Arson/incendiarism,0.2,2020
38.85587221,-120.08021298,1,Not in near-shore subset,0,Human-Caused,Arson/incendiarism,0.3,2020
38.85130521,-120.03739597,1,Not in near-shore subset,0,Human-Caused,Arson/incendiarism,0.1,2020
38.87517221,-120.11434598,3,Not in near-shore subset,0,Human-Caused,Arson/incendiarism,0.1,2020
38.92808821,-120.12626299,3,Not in near-shore subset,0,Human-Caused,Arson/incendiarism,0.1,2020
38.93050521,-120.145613,3,Not in near-shore subset,0,Human-Caused,Recreation and ceremony,0.2,2020
